name,marker_type,marker,marker_size,problem,param,runner,retcode,total_time,sat,ce,sat1_time,sat1_ce,nbsat,start_time
cegar_dense_128_3fp_mc16_seed_280399,marker1,1,53,P3,k1,cegar3,0,0.02s,UNSAT,0,,,0,0.00s
cegar_dense_128_3fp_mc16_seed_280399,marker1,1,53,P3,k2,cegar3,0,0.02s,UNSAT,0,,,0,0.00s
cegar_dense_128_3fp_mc16_seed_280399,marker1,1,53,P3,k4,cegar3,0,0.02s,UNSAT,0,,,0,0.00s
cegar_dense_128_3fp_mc16_seed_280399,marker1,1,53,P3,k6,cegar3,0,0.02s,UNSAT,0,,,0,0.00s
cegar_dense_128_3fp_mc16_seed_280399,marker1,2,53,P3,k1,cegar3,0,0.02s,UNSAT,0,,,0,0.00s
cegar_dense_128_3fp_mc16_seed_280399,marker1,2,53,P3,k2,cegar3,0,0.02s,UNSAT,0,,,0,0.00s
cegar_dense_128_3fp_mc16_seed_280399,marker1,2,53,P3,k4,cegar3,0,0.02s,UNSAT,0,,,0,0.00s
cegar_dense_128_3fp_mc16_seed_280399,marker1,2,53,P3,k6,cegar3,0,0.02s,UNSAT,0,,,0,0.00s
cegar_dense_128_3fp_mc16_seed_280399,marker,1,53,P3,k1,cegar3,0,0.10s,UNSAT,2,,,0,0.00s
cegar_dense_128_3fp_mc16_seed_280399,marker,1,53,P3,k2,cegar3,0,1.39s,SAT,2,0.16s,2,20,0.00s
cegar_dense_128_3fp_mc16_seed_280399,marker,1,53,P3,k4,cegar3,0,1.40s,SAT,2,0.17s,2,20,0.00s
cegar_dense_128_3fp_mc16_seed_280399,marker,1,53,P3,k6,cegar3,0,1.38s,SAT,2,0.17s,2,20,0.00s
cegar_dense_128_3fp_mc16_seed_280399,marker,2,53,P3,k1,cegar3,0,0.10s,UNSAT,2,,,0,0.00s
cegar_dense_128_3fp_mc16_seed_280399,marker,2,53,P3,k2,cegar3,0,0.16s,SAT,2,0.16s,2,1,0.00s
cegar_dense_128_3fp_mc16_seed_280399,marker,2,53,P3,k4,cegar3,0,4.76s,SAT,2,0.16s,2,74,0.00s
cegar_dense_128_3fp_mc16_seed_280399,marker,2,53,P3,k6,cegar3,0,4.76s,SAT,2,0.16s,2,74,0.00s
cegar_dense_128_3fp_mc16_seed_280399,marker,3,53,P3,k1,cegar3,0,0.12s,UNSAT,2,,,0,0.00s
cegar_dense_128_3fp_mc16_seed_280399,marker,3,53,P3,k2,cegar3,0,0.48s,SAT,2,0.18s,2,6,0.00s
cegar_dense_128_3fp_mc16_seed_280399,marker,3,53,P3,k4,cegar3,0,4.10s,SAT,3,0.18s,2,62,0.00s
cegar_dense_128_3fp_mc16_seed_280399,marker,3,53,P3,k6,cegar3,0,4.37s,SAT,4,0.18s,2,62,0.00s
cegar_dense_128_3fp_mc16_seed_45545,marker1,1,19,P3,k1,cegar3,0,0.02s,UNSAT,0,,,0,0.00s
cegar_dense_128_3fp_mc16_seed_45545,marker1,1,19,P3,k2,cegar3,0,0.02s,UNSAT,0,,,0,0.00s
cegar_dense_128_3fp_mc16_seed_45545,marker1,1,19,P3,k4,cegar3,0,0.02s,UNSAT,0,,,0,0.00s
cegar_dense_128_3fp_mc16_seed_45545,marker1,1,19,P3,k6,cegar3,0,0.02s,UNSAT,0,,,0,0.00s
cegar_dense_128_3fp_mc16_seed_45545,marker,1,19,P3,k1,cegar3,0,0.06s,UNSAT,1,,,0,0.00s
cegar_dense_128_3fp_mc16_seed_45545,marker,1,19,P3,k2,cegar3,0,0.06s,UNSAT,1,,,0,0.00s
cegar_dense_128_3fp_mc16_seed_45545,marker,1,19,P3,k4,cegar3,0,1.61s,SAT,2,0.10s,1,30,0.00s
cegar_dense_128_3fp_mc16_seed_45545,marker,1,19,P3,k6,cegar3,0,2.33s,SAT,2,0.10s,1,42,0.00s
cegar_dense_128_3fp_mc16_seed_45545,marker1,2,19,P3,k1,cegar3,0,0.02s,UNSAT,0,,,0,0.00s
cegar_dense_128_3fp_mc16_seed_45545,marker1,2,19,P3,k2,cegar3,0,0.02s,UNSAT,0,,,0,0.00s
cegar_dense_128_3fp_mc16_seed_45545,marker1,2,19,P3,k4,cegar3,0,0.02s,UNSAT,0,,,0,0.00s
cegar_dense_128_3fp_mc16_seed_45545,marker1,2,19,P3,k6,cegar3,0,0.02s,UNSAT,0,,,0,0.00s
cegar_dense_128_3fp_mc16_seed_45545,marker,2,19,P3,k1,cegar3,0,0.13s,SAT,2,0.10s,1,1,0.00s
cegar_dense_128_3fp_mc16_seed_45545,marker,2,19,P3,k2,cegar3,0,2.22s,SAT,5,0.11s,1,32,0.00s
cegar_dense_128_3fp_mc16_seed_45545,marker,2,19,P3,k4,cegar3,0,3.88s,SAT,6,0.11s,1,53,0.00s
cegar_dense_128_3fp_mc16_seed_45545,marker,2,19,P3,k6,cegar3,0,4.31s,SAT,7,0.31s,4,53,0.00s
cegar_dense_128_3fp_mc16_seed_45545,marker,3,19,P3,k1,cegar3,0,0.06s,UNSAT,1,,,0,0.00s
cegar_dense_128_3fp_mc16_seed_45545,marker,3,19,P3,k2,cegar3,0,0.11s,UNSAT,2,,,0,0.00s
cegar_dense_128_3fp_mc16_seed_45545,marker,3,19,P3,k4,cegar3,0,1.78s,SAT,3,0.16s,2,30,0.00s
cegar_dense_128_3fp_mc16_seed_45545,marker,3,19,P3,k6,cegar3,0,2.52s,SAT,3,0.16s,2,42,0.00s
cegar_dense_128_3fp_mc8_seed_2814331,marker1,1,62,P3,k1,cegar3,0,0.02s,UNSAT,0,,,0,0.00s
cegar_dense_128_3fp_mc8_seed_2814331,marker1,1,62,P3,k2,cegar3,0,0.02s,UNSAT,0,,,0,0.00s
cegar_dense_128_3fp_mc8_seed_2814331,marker1,1,62,P3,k4,cegar3,0,0.02s,UNSAT,0,,,0,0.00s
cegar_dense_128_3fp_mc8_seed_2814331,marker1,1,62,P3,k6,cegar3,0,0.02s,UNSAT,0,,,0,0.00s
cegar_dense_128_3fp_mc8_seed_2814331,marker1,2,62,P3,k1,cegar3,0,0.02s,UNSAT,0,,,0,0.00s
cegar_dense_128_3fp_mc8_seed_2814331,marker1,2,62,P3,k2,cegar3,0,0.02s,UNSAT,0,,,0,0.00s
cegar_dense_128_3fp_mc8_seed_2814331,marker1,2,62,P3,k4,cegar3,0,0.02s,UNSAT,0,,,0,0.00s
cegar_dense_128_3fp_mc8_seed_2814331,marker1,2,62,P3,k6,cegar3,0,0.02s,UNSAT,0,,,0,0.00s
cegar_dense_128_3fp_mc8_seed_2814331,marker,1,62,P3,k1,cegar3,0,0.18s,SAT,1,0.11s,1,2,0.00s
cegar_dense_128_3fp_mc8_seed_2814331,marker,1,62,P3,k2,cegar3,0,0.18s,SAT,1,0.12s,1,2,0.00s
cegar_dense_128_3fp_mc8_seed_2814331,marker,1,62,P3,k4,cegar3,0,0.18s,SAT,1,0.12s,1,2,0.00s
cegar_dense_128_3fp_mc8_seed_2814331,marker,1,62,P3,k6,cegar3,0,0.19s,SAT,1,0.12s,1,2,0.00s
cegar_dense_128_3fp_mc8_seed_2814331,marker,2,62,P3,k1,cegar3,0,0.14s,UNSAT,2,,,0,0.00s
cegar_dense_128_3fp_mc8_seed_2814331,marker,2,62,P3,k2,cegar3,0,0.41s,SAT,2,0.20s,2,4,0.00s
cegar_dense_128_3fp_mc8_seed_2814331,marker,2,62,P3,k4,cegar3,0,0.40s,SAT,2,0.20s,2,4,0.00s
cegar_dense_128_3fp_mc8_seed_2814331,marker,2,62,P3,k6,cegar3,0,0.41s,SAT,2,0.21s,2,4,0.00s
cegar_dense_128_3fp_mc8_seed_2814331,marker,3,62,P3,k1,cegar3,0,0.17s,UNSAT,2,,,0,0.00s
cegar_dense_128_3fp_mc8_seed_2814331,marker,3,62,P3,k2,cegar3,0,0.44s,SAT,2,0.24s,2,4,0.00s
cegar_dense_128_3fp_mc8_seed_2814331,marker,3,62,P3,k4,cegar3,0,0.43s,SAT,2,0.24s,2,4,0.00s
cegar_dense_128_3fp_mc8_seed_2814331,marker,3,62,P3,k6,cegar3,0,0.44s,SAT,2,0.24s,2,4,0.00s
cegar_dense_192_3fp_mc16.toml_seed_1149526,marker1,1,36,P3,k1,cegar3,0,0.02s,UNSAT,0,,,0,0.00s
cegar_dense_192_3fp_mc16.toml_seed_1149526,marker1,1,36,P3,k2,cegar3,0,0.02s,UNSAT,0,,,0,0.00s
cegar_dense_192_3fp_mc16.toml_seed_1149526,marker1,1,36,P3,k4,cegar3,0,0.02s,UNSAT,0,,,0,0.00s
cegar_dense_192_3fp_mc16.toml_seed_1149526,marker1,1,36,P3,k6,cegar3,0,0.02s,UNSAT,0,,,0,0.00s
cegar_dense_192_3fp_mc16.toml_seed_1149526,marker1,2,36,P3,k1,cegar3,0,0.02s,UNSAT,0,,,0,0.00s
cegar_dense_192_3fp_mc16.toml_seed_1149526,marker1,2,36,P3,k2,cegar3,0,0.02s,UNSAT,0,,,0,0.00s
cegar_dense_192_3fp_mc16.toml_seed_1149526,marker1,2,36,P3,k4,cegar3,0,0.02s,UNSAT,0,,,0,0.00s
cegar_dense_192_3fp_mc16.toml_seed_1149526,marker1,2,36,P3,k6,cegar3,0,0.02s,UNSAT,0,,,0,0.00s
cegar_dense_192_3fp_mc16.toml_seed_1149526,marker,1,36,P3,k1,cegar3,0,0.26s,UNSAT,2,,,0,0.00s
cegar_dense_192_3fp_mc16.toml_seed_1149526,marker,1,36,P3,k2,cegar3,0,0.39s,UNSAT,3,,,0,0.00s
cegar_dense_192_3fp_mc16.toml_seed_1149526,marker,1,36,P3,k4,cegar3,0,6.44s,SAT,3,0.50s,3,54,0.00s
cegar_dense_192_3fp_mc16.toml_seed_1149526,marker,1,36,P3,k6,cegar3,0,6.56s,SAT,3,0.52s,3,54,0.00s
cegar_dense_192_3fp_mc16.toml_seed_1149526,marker,2,36,P3,k1,cegar3,0,0.08s,UNSAT,1,,,0,0.00s
cegar_dense_192_3fp_mc16.toml_seed_1149526,marker,2,36,P3,k2,cegar3,0,0.19s,UNSAT,2,,,0,0.00s
cegar_dense_192_3fp_mc16.toml_seed_1149526,marker,2,36,P3,k4,cegar3,0,2.33s,SAT,2,0.28s,2,20,0.00s
cegar_dense_192_3fp_mc16.toml_seed_1149526,marker,2,36,P3,k6,cegar3,0,2.38s,SAT,2,0.29s,2,20,0.00s
cegar_dense_192_3fp_mc16.toml_seed_1149526,marker,3,36,P3,k1,cegar3,0,0.29s,SAT,1,0.19s,1,2,0.00s
cegar_dense_192_3fp_mc16.toml_seed_1149526,marker,3,36,P3,k2,cegar3,0,0.29s,SAT,1,0.18s,1,2,0.00s
cegar_dense_192_3fp_mc16.toml_seed_1149526,marker,3,36,P3,k4,cegar3,0,0.29s,SAT,1,0.19s,1,2,0.00s
cegar_dense_192_3fp_mc16.toml_seed_1149526,marker,3,36,P3,k6,cegar3,0,0.30s,SAT,1,0.19s,1,2,0.00s
cegar_dense_256_3fp_mc16_seed_1809,marker1,1,17,P3,k1,cegar3,0,0.03s,UNSAT,0,,,0,0.00s
cegar_dense_256_3fp_mc16_seed_1809,marker1,1,17,P3,k2,cegar3,0,0.03s,UNSAT,0,,,0,0.00s
cegar_dense_256_3fp_mc16_seed_1809,marker1,1,17,P3,k4,cegar3,0,0.03s,UNSAT,0,,,0,0.00s
cegar_dense_256_3fp_mc16_seed_1809,marker1,1,17,P3,k6,cegar3,0,0.03s,UNSAT,0,,,0,0.00s
cegar_dense_256_3fp_mc16_seed_1809,marker,1,17,P3,k1,cegar3,0,0.11s,UNSAT,1,,,0,0.00s
cegar_dense_256_3fp_mc16_seed_1809,marker,1,17,P3,k2,cegar3,0,0.52s,UNSAT,3,,,0,0.00s
cegar_dense_256_3fp_mc16_seed_1809,marker,1,17,P3,k4,cegar3,0,5.15s,SAT,4,0.52s,3,33,0.00s
cegar_dense_256_3fp_mc16_seed_1809,marker,1,17,P3,k6,cegar3,0,17.63s,SAT,4,0.54s,3,112,0.00s
cegar_dense_256_3fp_mc16_seed_1809,marker1,2,17,P3,k1,cegar3,0,0.03s,UNSAT,0,,,0,0.00s
cegar_dense_256_3fp_mc16_seed_1809,marker1,2,17,P3,k2,cegar3,0,0.03s,UNSAT,0,,,0,0.00s
cegar_dense_256_3fp_mc16_seed_1809,marker1,2,17,P3,k4,cegar3,0,0.03s,UNSAT,0,,,0,0.00s
cegar_dense_256_3fp_mc16_seed_1809,marker1,2,17,P3,k6,cegar3,0,0.03s,UNSAT,0,,,0,0.00s
cegar_dense_256_3fp_mc16_seed_1809,marker,2,17,P3,k1,cegar3,0,1.57s,SAT,2,0.50s,2,8,0.00s
cegar_dense_256_3fp_mc16_seed_1809,marker,2,17,P3,k2,cegar3,0,7.80s,SAT,2,0.52s,2,55,0.00s
cegar_dense_256_3fp_mc16_seed_1809,marker,2,17,P3,k4,cegar3,0,11.32s,SAT,2,0.52s,2,79,0.00s
cegar_dense_256_3fp_mc16_seed_1809,marker,2,17,P3,k6,cegar3,0,11.50s,SAT,2,0.52s,2,79,0.00s
cegar_dense_256_3fp_mc16_seed_1809,marker,3,17,P3,k1,cegar3,0,0.22s,UNSAT,2,,,0,0.00s
cegar_dense_256_3fp_mc16_seed_1809,marker,3,17,P3,k2,cegar3,0,0.51s,UNSAT,3,,,0,0.00s
cegar_dense_256_3fp_mc16_seed_1809,marker,3,17,P3,k4,cegar3,0,5.75s,SAT,5,0.83s,4,33,0.00s
cegar_dense_256_3fp_mc16_seed_1809,marker,3,17,P3,k6,cegar3,0,21.55s,SAT,9,0.84s,4,112,0.00s
cegar_dense_256_3fp_mc8_seed_4110121,marker1,1,158,P3,k1,cegar3,0,0.03s,UNSAT,0,,,0,0.00s
cegar_dense_256_3fp_mc8_seed_4110121,marker1,1,158,P3,k2,cegar3,0,0.03s,UNSAT,0,,,0,0.00s
cegar_dense_256_3fp_mc8_seed_4110121,marker1,1,158,P3,k4,cegar3,0,0.03s,UNSAT,0,,,0,0.00s
cegar_dense_256_3fp_mc8_seed_4110121,marker1,1,158,P3,k6,cegar3,0,0.03s,UNSAT,0,,,0,0.00s
cegar_dense_256_3fp_mc8_seed_4110121,marker,1,158,P3,k1,cegar3,0,1.78s,SAT,1,0.38s,1,6,0.00s
cegar_dense_256_3fp_mc8_seed_4110121,marker,1,158,P3,k2,cegar3,0,1.80s,SAT,1,0.38s,1,6,0.00s
cegar_dense_256_3fp_mc8_seed_4110121,marker,1,158,P3,k4,cegar3,0,1.76s,SAT,1,0.38s,1,6,0.00s
cegar_dense_256_3fp_mc8_seed_4110121,marker,1,158,P3,k6,cegar3,0,1.77s,SAT,1,0.38s,1,6,0.00s
cegar_dense_256_3fp_mc8_seed_4110121,marker1,2,158,P3,k1,cegar3,0,0.03s,UNSAT,0,,,0,0.00s
cegar_dense_256_3fp_mc8_seed_4110121,marker1,2,158,P3,k2,cegar3,0,0.03s,UNSAT,0,,,0,0.00s
cegar_dense_256_3fp_mc8_seed_4110121,marker1,2,158,P3,k4,cegar3,0,0.03s,UNSAT,0,,,0,0.00s
cegar_dense_256_3fp_mc8_seed_4110121,marker1,2,158,P3,k6,cegar3,0,0.03s,UNSAT,0,,,0,0.00s
cegar_dense_256_3fp_mc8_seed_4110121,marker,2,158,P3,k1,cegar3,0,0.68s,UNSAT,1,,,0,0.00s
cegar_dense_256_3fp_mc8_seed_4110121,marker,2,158,P3,k2,cegar3,0,2.38s,SAT,1,0.98s,1,6,0.00s
cegar_dense_256_3fp_mc8_seed_4110121,marker,2,158,P3,k4,cegar3,0,2.36s,SAT,1,0.96s,1,6,0.00s
cegar_dense_256_3fp_mc8_seed_4110121,marker,2,158,P3,k6,cegar3,0,2.32s,SAT,1,0.95s,1,6,0.00s
cegar_dense_256_3fp_mc8_seed_4110121,marker,3,158,P3,k1,cegar3,0,0.50s,UNSAT,2,,,0,0.00s
cegar_dense_256_3fp_mc8_seed_4110121,marker,3,158,P3,k2,cegar3,0,4.04s,SAT,2,0.79s,2,12,0.00s
cegar_dense_256_3fp_mc8_seed_4110121,marker,3,158,P3,k4,cegar3,0,4.02s,SAT,2,0.78s,2,12,0.00s
cegar_dense_256_3fp_mc8_seed_4110121,marker,3,158,P3,k6,cegar3,0,3.97s,SAT,2,0.78s,2,12,0.00s
cegar_dense_32_3fp_mc8_seed_5781669,marker1,1,17,P3,k1,cegar3,0,0.01s,UNSAT,0,,,0,0.00s
cegar_dense_32_3fp_mc8_seed_5781669,marker1,1,17,P3,k2,cegar3,0,0.01s,UNSAT,0,,,0,0.00s
cegar_dense_32_3fp_mc8_seed_5781669,marker1,1,17,P3,k4,cegar3,0,0.01s,UNSAT,0,,,0,0.00s
cegar_dense_32_3fp_mc8_seed_5781669,marker1,1,17,P3,k6,cegar3,0,0.01s,UNSAT,0,,,0,0.00s
cegar_dense_32_3fp_mc8_seed_5781669,marker,1,17,P3,k1,cegar3,0,0.03s,UNSAT,2,,,0,0.00s
cegar_dense_32_3fp_mc8_seed_5781669,marker,1,17,P3,k2,cegar3,0,0.05s,SAT,2,0.04s,2,2,0.00s
cegar_dense_32_3fp_mc8_seed_5781669,marker,1,17,P3,k4,cegar3,0,0.05s,SAT,2,0.04s,2,2,0.00s
cegar_dense_32_3fp_mc8_seed_5781669,marker,1,17,P3,k6,cegar3,0,0.05s,SAT,2,0.04s,2,2,0.00s
cegar_dense_32_3fp_mc8_seed_5781669,marker1,2,17,P3,k1,cegar3,0,0.01s,UNSAT,0,,,0,0.00s
cegar_dense_32_3fp_mc8_seed_5781669,marker1,2,17,P3,k2,cegar3,0,0.01s,UNSAT,0,,,0,0.00s
cegar_dense_32_3fp_mc8_seed_5781669,marker1,2,17,P3,k4,cegar3,0,0.01s,UNSAT,0,,,0,0.00s
cegar_dense_32_3fp_mc8_seed_5781669,marker1,2,17,P3,k6,cegar3,0,0.01s,UNSAT,0,,,0,0.00s
cegar_dense_32_3fp_mc8_seed_5781669,marker,2,17,P3,k1,cegar3,0,0.03s,UNSAT,2,,,0,0.00s
cegar_dense_32_3fp_mc8_seed_5781669,marker,2,17,P3,k2,cegar3,0,0.06s,SAT,2,0.04s,2,2,0.00s
cegar_dense_32_3fp_mc8_seed_5781669,marker,2,17,P3,k4,cegar3,0,0.07s,SAT,2,0.04s,2,4,0.00s
cegar_dense_32_3fp_mc8_seed_5781669,marker,2,17,P3,k6,cegar3,0,0.08s,SAT,2,0.05s,2,4,0.00s
cegar_dense_32_3fp_mc8_seed_5781669,marker,3,17,P3,k1,cegar3,0,0.04s,SAT,1,0.03s,1,2,0.00s
cegar_dense_32_3fp_mc8_seed_5781669,marker,3,17,P3,k2,cegar3,0,0.04s,SAT,1,0.03s,1,2,0.00s
cegar_dense_32_3fp_mc8_seed_5781669,marker,3,17,P3,k4,cegar3,0,0.04s,SAT,1,0.03s,1,2,0.00s
cegar_dense_32_3fp_mc8_seed_5781669,marker,3,17,P3,k6,cegar3,0,0.04s,SAT,1,0.03s,1,2,0.00s
cegar_dense_32_3fp_seed_4415,marker1,1,14,P3,k1,cegar3,0,0.01s,UNSAT,0,,,0,0.00s
cegar_dense_32_3fp_seed_4415,marker1,1,14,P3,k2,cegar3,0,0.01s,UNSAT,0,,,0,0.00s
cegar_dense_32_3fp_seed_4415,marker1,1,14,P3,k4,cegar3,0,0.01s,UNSAT,0,,,0,0.00s
cegar_dense_32_3fp_seed_4415,marker1,1,14,P3,k6,cegar3,0,0.01s,UNSAT,0,,,0,0.00s
cegar_dense_32_3fp_seed_4415,marker,1,14,P3,k1,cegar3,0,0.05s,SAT,1,0.03s,1,3,0.00s
cegar_dense_32_3fp_seed_4415,marker,1,14,P3,k2,cegar3,0,0.06s,SAT,1,0.04s,1,3,0.00s
cegar_dense_32_3fp_seed_4415,marker,1,14,P3,k4,cegar3,0,0.06s,SAT,1,0.03s,1,3,0.00s
cegar_dense_32_3fp_seed_4415,marker,1,14,P3,k6,cegar3,0,0.05s,SAT,1,0.03s,1,3,0.00s
cegar_dense_32_3fp_seed_4415,marker1,2,14,P3,k1,cegar3,0,0.01s,UNSAT,0,,,0,0.00s
cegar_dense_32_3fp_seed_4415,marker1,2,14,P3,k2,cegar3,0,0.01s,UNSAT,0,,,0,0.00s
cegar_dense_32_3fp_seed_4415,marker1,2,14,P3,k4,cegar3,0,0.01s,UNSAT,0,,,0,0.00s
cegar_dense_32_3fp_seed_4415,marker1,2,14,P3,k6,cegar3,0,0.01s,UNSAT,0,,,0,0.00s
cegar_dense_32_3fp_seed_4415,marker,2,14,P3,k1,cegar3,0,0.03s,UNSAT,2,,,0,0.00s
cegar_dense_32_3fp_seed_4415,marker,2,14,P3,k2,cegar3,0,0.10s,SAT,2,0.04s,2,6,0.00s
cegar_dense_32_3fp_seed_4415,marker,2,14,P3,k4,cegar3,0,0.10s,SAT,2,0.04s,2,6,0.00s
cegar_dense_32_3fp_seed_4415,marker,2,14,P3,k6,cegar3,0,0.10s,SAT,2,0.04s,2,6,0.00s
cegar_dense_32_3fp_seed_4415,marker,3,14,P3,k1,cegar3,0,0.02s,UNSAT,1,,,0,0.00s
cegar_dense_32_3fp_seed_4415,marker,3,14,P3,k2,cegar3,0,0.08s,SAT,1,0.03s,1,6,0.00s
cegar_dense_32_3fp_seed_4415,marker,3,14,P3,k4,cegar3,0,0.08s,SAT,1,0.03s,1,6,0.00s
cegar_dense_32_3fp_seed_4415,marker,3,14,P3,k6,cegar3,0,0.08s,SAT,1,0.03s,1,6,0.00s
cegar_dense_384_3fp_mc16_seed_9174,marker1,1,84,P3,k1,cegar3,0,0.04s,UNSAT,0,,,0,0.00s
cegar_dense_384_3fp_mc16_seed_9174,marker1,1,84,P3,k2,cegar3,0,0.04s,UNSAT,0,,,0,0.00s
cegar_dense_384_3fp_mc16_seed_9174,marker1,1,84,P3,k4,cegar3,0,0.04s,UNSAT,0,,,0,0.00s
cegar_dense_384_3fp_mc16_seed_9174,marker1,1,84,P3,k6,cegar3,0,0.05s,UNSAT,0,,,0,0.00s
cegar_dense_384_3fp_mc16_seed_9174,marker1,2,84,P3,k1,cegar3,0,0.04s,UNSAT,0,,,0,0.00s
cegar_dense_384_3fp_mc16_seed_9174,marker1,2,84,P3,k2,cegar3,0,0.04s,UNSAT,0,,,0,0.00s
cegar_dense_384_3fp_mc16_seed_9174,marker1,2,84,P3,k4,cegar3,0,0.04s,UNSAT,0,,,0,0.00s
cegar_dense_384_3fp_mc16_seed_9174,marker1,2,84,P3,k6,cegar3,0,0.05s,UNSAT,0,,,0,0.00s
cegar_dense_384_3fp_mc16_seed_9174,marker,1,84,P3,k1,cegar3,0,0.18s,UNSAT,1,,,0,0.00s
cegar_dense_384_3fp_mc16_seed_9174,marker,1,84,P3,k2,cegar3,0,0.18s,UNSAT,1,,,0,0.00s
cegar_dense_384_3fp_mc16_seed_9174,marker,1,84,P3,k4,cegar3,0,0.64s,UNSAT,3,,,0,0.00s
cegar_dense_384_3fp_mc16_seed_9174,marker,1,84,P3,k6,cegar3,0,310.54s,SAT,7,1.64s,4,420,0.00s
cegar_dense_384_3fp_mc16_seed_9174,marker,2,84,P3,k1,cegar3,0,1.37s,UNSAT,2,,,0,0.00s
cegar_dense_384_3fp_mc16_seed_9174,marker,2,84,P3,k2,cegar3,0,3.32s,SAT,3,2.22s,3,3,0.00s
cegar_dense_384_3fp_mc16_seed_9174,marker,2,84,P3,k4,cegar3,0,30.08s,SAT,3,2.15s,3,51,0.00s
cegar_dense_384_3fp_mc16_seed_9174,marker,2,84,P3,k6,cegar3,0,30.13s,SAT,3,2.16s,3,51,0.00s
cegar_dense_384_3fp_mc16_seed_9174,marker,3,84,P3,k1,cegar3,0,0.35s,UNSAT,2,,,0,0.00s
cegar_dense_384_3fp_mc16_seed_9174,marker,3,84,P3,k2,cegar3,0,5.46s,SAT,2,0.97s,2,9,0.00s
cegar_dense_384_3fp_mc16_seed_9174,marker,3,84,P3,k4,cegar3,0,5.47s,SAT,2,0.98s,2,9,0.00s
cegar_dense_384_3fp_mc16_seed_9174,marker,3,84,P3,k6,cegar3,0,5.51s,SAT,2,1.00s,2,9,0.00s
cegar_dense_384_3fp_mc16_seed_96372,marker1,1,62,P3,k1,cegar3,0,0.04s,UNSAT,0,,,0,0.00s
cegar_dense_384_3fp_mc16_seed_96372,marker1,1,62,P3,k2,cegar3,0,0.04s,UNSAT,0,,,0,0.00s
cegar_dense_384_3fp_mc16_seed_96372,marker1,1,62,P3,k4,cegar3,0,0.05s,UNSAT,0,,,0,0.00s
cegar_dense_384_3fp_mc16_seed_96372,marker1,1,62,P3,k6,cegar3,0,0.05s,UNSAT,0,,,0,0.00s
cegar_dense_384_3fp_mc16_seed_96372,marker1,2,62,P3,k1,cegar3,0,0.04s,UNSAT,0,,,0,0.00s
cegar_dense_384_3fp_mc16_seed_96372,marker1,2,62,P3,k2,cegar3,0,0.04s,UNSAT,0,,,0,0.00s
cegar_dense_384_3fp_mc16_seed_96372,marker1,2,62,P3,k4,cegar3,0,0.04s,UNSAT,0,,,0,0.00s
cegar_dense_384_3fp_mc16_seed_96372,marker1,2,62,P3,k6,cegar3,0,0.05s,UNSAT,0,,,0,0.00s
cegar_dense_384_3fp_mc16_seed_96372,marker,1,62,P3,k1,cegar3,0,1.16s,UNSAT,2,,,0,0.00s
cegar_dense_384_3fp_mc16_seed_96372,marker,1,62,P3,k2,cegar3,0,4.67s,SAT,3,1.55s,2,7,0.00s
cegar_dense_384_3fp_mc16_seed_96372,marker,1,62,P3,k4,cegar3,0,22.32s,SAT,3,1.56s,2,46,0.00s
cegar_dense_384_3fp_mc16_seed_96372,marker,1,62,P3,k6,cegar3,0,23.46s,SAT,4,1.57s,2,46,0.00s
cegar_dense_384_3fp_mc16_seed_96372,marker,2,62,P3,k1,cegar3,0,1.32s,UNSAT,2,,,0,0.00s
cegar_dense_384_3fp_mc16_seed_96372,marker,2,62,P3,k2,cegar3,0,1.81s,UNSAT,3,,,0,0.00s
cegar_dense_384_3fp_mc16_seed_96372,marker,2,62,P3,k4,cegar3,0,6.56s,SAT,4,2.37s,3,9,0.00s
cegar_dense_384_3fp_mc16_seed_96372,marker,2,62,P3,k6,cegar3,0,48.89s,SAT,10,2.38s,3,81,0.00s
cegar_dense_384_3fp_mc16_seed_96372,marker,3,62,P3,k1,cegar3,0,1.30s,UNSAT,2,,,0,0.00s
cegar_dense_384_3fp_mc16_seed_96372,marker,3,62,P3,k2,cegar3,0,1.55s,UNSAT,3,,,0,0.00s
cegar_dense_384_3fp_mc16_seed_96372,marker,3,62,P3,k4,cegar3,0,6.57s,SAT,3,1.91s,3,13,0.00s
cegar_dense_384_3fp_mc16_seed_96372,marker,3,62,P3,k6,cegar3,0,63.96s,SAT,6,1.96s,3,133,0.00s
cegar_dense_512_3fp_mc16_seed_41365,marker1,1,77,P3,k1,cegar3,0,0.06s,UNSAT,0,,,0,0.00s
cegar_dense_512_3fp_mc16_seed_41365,marker1,1,77,P3,k2,cegar3,0,0.06s,UNSAT,0,,,0,0.00s
cegar_dense_512_3fp_mc16_seed_41365,marker1,1,77,P3,k4,cegar3,0,0.06s,UNSAT,0,,,0,0.00s
cegar_dense_512_3fp_mc16_seed_41365,marker1,1,77,P3,k6,cegar3,0,0.06s,UNSAT,0,,,0,0.00s
cegar_dense_512_3fp_mc16_seed_41365,marker1,2,77,P3,k1,cegar3,0,0.06s,UNSAT,0,,,0,0.00s
cegar_dense_512_3fp_mc16_seed_41365,marker1,2,77,P3,k2,cegar3,0,0.06s,UNSAT,0,,,0,0.00s
cegar_dense_512_3fp_mc16_seed_41365,marker1,2,77,P3,k4,cegar3,0,0.06s,UNSAT,0,,,0,0.00s
cegar_dense_512_3fp_mc16_seed_41365,marker1,2,77,P3,k6,cegar3,0,0.07s,UNSAT,0,,,0,0.00s
cegar_dense_512_3fp_mc16_seed_41365,marker,1,77,P3,k1,cegar3,0,0.47s,UNSAT,2,,,0,0.00s
cegar_dense_512_3fp_mc16_seed_41365,marker,1,77,P3,k2,cegar3,0,12.25s,SAT,2,1.35s,2,15,0.00s
cegar_dense_512_3fp_mc16_seed_41365,marker,1,77,P3,k4,cegar3,0,12.22s,SAT,2,1.35s,2,15,0.00s
cegar_dense_512_3fp_mc16_seed_41365,marker,1,77,P3,k6,cegar3,0,15.60s,SAT,3,1.39s,2,17,0.00s
cegar_dense_512_3fp_mc16_seed_41365,marker,2,77,P3,k1,cegar3,0,1.25s,UNSAT,2,,,0,0.00s
cegar_dense_512_3fp_mc16_seed_41365,marker,2,77,P3,k2,cegar3,0,1.61s,UNSAT,3,,,0,0.00s
cegar_dense_512_3fp_mc16_seed_41365,marker,2,77,P3,k4,cegar3,0,10.56s,SAT,5,3.27s,4,10,0.00s
cegar_dense_512_3fp_mc16_seed_41365,marker,2,77,P3,k6,cegar3,0,255.65s,SAT,7,3.75s,5,279,0.00s
cegar_dense_512_3fp_mc16_seed_41365,marker,3,77,P3,k1,cegar3,0,0.47s,UNSAT,2,,,0,0.00s
cegar_dense_512_3fp_mc16_seed_41365,marker,3,77,P3,k2,cegar3,0,0.51s,UNSAT,2,,,0,0.00s
cegar_dense_512_3fp_mc16_seed_41365,marker,3,77,P3,k4,cegar3,0,3.55s,SAT,4,2.21s,4,3,0.00s
cegar_dense_512_3fp_mc16_seed_41365,marker,3,77,P3,k6,cegar3,0,57.62s,SAT,4,2.25s,3,74,0.00s
cegar_dense_512_3fp_mc16_seed_486556,marker1,1,132,P3,k1,cegar3,0,0.06s,UNSAT,0,,,0,0.00s
cegar_dense_512_3fp_mc16_seed_486556,marker1,1,132,P3,k2,cegar3,0,0.06s,UNSAT,0,,,0,0.00s
cegar_dense_512_3fp_mc16_seed_486556,marker1,1,132,P3,k4,cegar3,0,0.06s,UNSAT,0,,,0,0.00s
cegar_dense_512_3fp_mc16_seed_486556,marker1,1,132,P3,k6,cegar3,0,0.07s,UNSAT,0,,,0,0.00s
cegar_dense_512_3fp_mc16_seed_486556,marker,1,132,P3,k1,cegar3,0,0.48s,UNSAT,2,,,0,0.00s
cegar_dense_512_3fp_mc16_seed_486556,marker,1,132,P3,k2,cegar3,0,0.51s,UNSAT,2,,,0,0.00s
cegar_dense_512_3fp_mc16_seed_486556,marker,1,132,P3,k4,cegar3,0,0.90s,UNSAT,3,,,0,0.00s
cegar_dense_512_3fp_mc16_seed_486556,marker,1,132,P3,k6,cegar3,0,4.72s,UNSAT,4,,,0,0.00s
cegar_dense_512_3fp_mc16_seed_486556,marker1,2,132,P3,k1,cegar3,0,0.06s,UNSAT,0,,,0,0.00s
cegar_dense_512_3fp_mc16_seed_486556,marker1,2,132,P3,k2,cegar3,0,0.06s,UNSAT,0,,,0,0.00s
cegar_dense_512_3fp_mc16_seed_486556,marker1,2,132,P3,k4,cegar3,0,0.06s,UNSAT,0,,,0,0.00s
cegar_dense_512_3fp_mc16_seed_486556,marker1,2,132,P3,k6,cegar3,0,0.06s,UNSAT,0,,,0,0.00s
cegar_dense_512_3fp_mc16_seed_486556,marker,2,132,P3,k1,cegar3,0,0.24s,UNSAT,1,,,0,0.00s
cegar_dense_512_3fp_mc16_seed_486556,marker,2,132,P3,k2,cegar3,0,0.49s,UNSAT,2,,,0,0.00s
cegar_dense_512_3fp_mc16_seed_486556,marker,2,132,P3,k4,cegar3,0,2.69s,UNSAT,4,,,0,0.00s
cegar_dense_512_3fp_mc16_seed_486556,marker,2,132,P3,k6,cegar3,0,138.57s,SAT,4,3.98s,4,112,0.00s
cegar_dense_512_3fp_mc16_seed_486556,marker,3,132,P3,k1,cegar3,0,0.23s,UNSAT,1,,,0,0.00s
cegar_dense_512_3fp_mc16_seed_486556,marker,3,132,P3,k2,cegar3,0,0.51s,UNSAT,2,,,0,0.00s
cegar_dense_512_3fp_mc16_seed_486556,marker,3,132,P3,k4,cegar3,0,2.46s,UNSAT,4,,,0,0.00s
cegar_dense_512_3fp_mc16_seed_486556,marker,3,132,P3,k6,cegar3,0,4.71s,UNSAT,5,,,0,0.00s
cegar_dense_512_3fp_mc8_1_seed_615891,marker1,1,70,P3,k1,cegar3,0,0.06s,UNSAT,0,,,0,0.00s
cegar_dense_512_3fp_mc8_1_seed_615891,marker1,1,70,P3,k2,cegar3,0,0.06s,UNSAT,0,,,0,0.00s
cegar_dense_512_3fp_mc8_1_seed_615891,marker1,1,70,P3,k4,cegar3,0,0.06s,UNSAT,0,,,0,0.00s
cegar_dense_512_3fp_mc8_1_seed_615891,marker1,1,70,P3,k6,cegar3,0,0.07s,UNSAT,0,,,0,0.00s
cegar_dense_512_3fp_mc8_1_seed_615891,marker1,2,70,P3,k1,cegar3,0,0.05s,UNSAT,0,,,0,0.00s
cegar_dense_512_3fp_mc8_1_seed_615891,marker1,2,70,P3,k2,cegar3,0,0.06s,UNSAT,0,,,0,0.00s
cegar_dense_512_3fp_mc8_1_seed_615891,marker1,2,70,P3,k4,cegar3,0,0.06s,UNSAT,0,,,0,0.00s
cegar_dense_512_3fp_mc8_1_seed_615891,marker1,2,70,P3,k6,cegar3,0,0.07s,UNSAT,0,,,0,0.00s
cegar_dense_512_3fp_mc8_1_seed_615891,marker,1,70,P3,k1,cegar3,0,0.25s,UNSAT,1,,,0,0.00s
cegar_dense_512_3fp_mc8_1_seed_615891,marker,1,70,P3,k2,cegar3,0,0.26s,UNSAT,1,,,0,0.00s
cegar_dense_512_3fp_mc8_1_seed_615891,marker,1,70,P3,k4,cegar3,0,4.81s,UNSAT,4,,,0,0.00s
cegar_dense_512_3fp_mc8_1_seed_615891,marker,1,70,P3,k6,cegar3,124,598.39s,TO,7,3.51s,4,501,0.00s
cegar_dense_512_3fp_mc8_1_seed_615891,marker,2,70,P3,k1,cegar3,0,0.24s,UNSAT,1,,,0,0.00s
cegar_dense_512_3fp_mc8_1_seed_615891,marker,2,70,P3,k2,cegar3,0,0.26s,UNSAT,1,,,0,0.00s
cegar_dense_512_3fp_mc8_1_seed_615891,marker,2,70,P3,k4,cegar3,0,0.56s,UNSAT,2,,,0,0.00s
cegar_dense_512_3fp_mc8_1_seed_615891,marker,2,70,P3,k6,cegar3,0,2.38s,UNSAT,4,,,0,0.00s
cegar_dense_512_3fp_mc8_1_seed_615891,marker,3,70,P3,k1,cegar3,0,0.24s,UNSAT,1,,,0,0.00s
cegar_dense_512_3fp_mc8_1_seed_615891,marker,3,70,P3,k2,cegar3,0,0.26s,UNSAT,1,,,0,0.00s
cegar_dense_512_3fp_mc8_1_seed_615891,marker,3,70,P3,k4,cegar3,0,0.55s,UNSAT,2,,,0,0.00s
cegar_dense_512_3fp_mc8_1_seed_615891,marker,3,70,P3,k6,cegar3,0,1.68s,UNSAT,3,,,0,0.00s
cegar_dense_512_3fp_mc8_2_seed_119057,marker1,1,113,P3,k1,cegar3,0,0.06s,UNSAT,0,,,0,0.00s
cegar_dense_512_3fp_mc8_2_seed_119057,marker1,1,113,P3,k2,cegar3,0,0.06s,UNSAT,0,,,0,0.00s
cegar_dense_512_3fp_mc8_2_seed_119057,marker1,1,113,P3,k4,cegar3,0,0.06s,UNSAT,0,,,0,0.00s
cegar_dense_512_3fp_mc8_2_seed_119057,marker1,1,113,P3,k6,cegar3,0,0.06s,UNSAT,0,,,0,0.00s
cegar_dense_512_3fp_mc8_2_seed_119057,marker,1,113,P3,k1,cegar3,0,0.30s,UNSAT,1,,,0,0.00s
cegar_dense_512_3fp_mc8_2_seed_119057,marker,1,113,P3,k2,cegar3,0,0.57s,UNSAT,2,,,0,0.00s
cegar_dense_512_3fp_mc8_2_seed_119057,marker,1,113,P3,k4,cegar3,0,0.89s,UNSAT,3,,,0,0.00s
cegar_dense_512_3fp_mc8_2_seed_119057,marker,1,113,P3,k6,cegar3,124,598.56s,TO,9,1.92s,3,431,0.00s
cegar_dense_512_3fp_mc8_2_seed_119057,marker1,2,113,P3,k1,cegar3,0,0.06s,UNSAT,0,,,0,0.00s
cegar_dense_512_3fp_mc8_2_seed_119057,marker1,2,113,P3,k2,cegar3,0,0.06s,UNSAT,0,,,0,0.00s
cegar_dense_512_3fp_mc8_2_seed_119057,marker1,2,113,P3,k4,cegar3,0,0.06s,UNSAT,0,,,0,0.00s
cegar_dense_512_3fp_mc8_2_seed_119057,marker1,2,113,P3,k6,cegar3,0,0.07s,UNSAT,0,,,0,0.00s
cegar_dense_512_3fp_mc8_2_seed_119057,marker,2,113,P3,k1,cegar3,0,0.30s,UNSAT,1,,,0,0.00s
cegar_dense_512_3fp_mc8_2_seed_119057,marker,2,113,P3,k2,cegar3,0,0.33s,UNSAT,1,,,0,0.00s
cegar_dense_512_3fp_mc8_2_seed_119057,marker,2,113,P3,k4,cegar3,0,0.36s,UNSAT,1,,,0,0.00s
cegar_dense_512_3fp_mc8_2_seed_119057,marker,2,113,P3,k6,cegar3,0,4.17s,UNSAT,4,,,0,0.00s
cegar_dense_512_3fp_mc8_2_seed_119057,marker,3,113,P3,k1,cegar3,0,0.30s,UNSAT,1,,,0,0.00s
cegar_dense_512_3fp_mc8_2_seed_119057,marker,3,113,P3,k2,cegar3,0,0.33s,UNSAT,1,,,0,0.00s
cegar_dense_512_3fp_mc8_2_seed_119057,marker,3,113,P3,k4,cegar3,0,0.94s,UNSAT,2,,,0,0.00s
cegar_dense_512_3fp_mc8_2_seed_119057,marker,3,113,P3,k6,cegar3,0,287.66s,SAT,6,5.12s,4,216,0.00s
cegar_dense_512_3fp_mc8_3_seed_924145,marker1,1,69,P3,k1,cegar3,0,0.05s,UNSAT,0,,,0,0.00s
cegar_dense_512_3fp_mc8_3_seed_924145,marker1,1,69,P3,k2,cegar3,0,0.06s,UNSAT,0,,,0,0.00s
cegar_dense_512_3fp_mc8_3_seed_924145,marker1,1,69,P3,k4,cegar3,0,0.06s,UNSAT,0,,,0,0.00s
cegar_dense_512_3fp_mc8_3_seed_924145,marker1,1,69,P3,k6,cegar3,0,0.07s,UNSAT,0,,,0,0.00s
cegar_dense_512_3fp_mc8_3_seed_924145,marker1,2,69,P3,k1,cegar3,0,0.06s,UNSAT,0,,,0,0.00s
cegar_dense_512_3fp_mc8_3_seed_924145,marker1,2,69,P3,k2,cegar3,0,0.06s,UNSAT,0,,,0,0.00s
cegar_dense_512_3fp_mc8_3_seed_924145,marker1,2,69,P3,k4,cegar3,0,0.06s,UNSAT,0,,,0,0.00s
cegar_dense_512_3fp_mc8_3_seed_924145,marker1,2,69,P3,k6,cegar3,0,0.06s,UNSAT,0,,,0,0.00s
cegar_dense_512_3fp_mc8_3_seed_924145,marker,1,69,P3,k1,cegar3,0,0.25s,UNSAT,1,,,0,0.00s
cegar_dense_512_3fp_mc8_3_seed_924145,marker,1,69,P3,k2,cegar3,0,1.83s,UNSAT,2,,,0,0.00s
cegar_dense_512_3fp_mc8_3_seed_924145,marker,1,69,P3,k4,cegar3,0,512.98s,SAT,7,4.85s,5,432,0.00s
cegar_dense_512_3fp_mc8_3_seed_924145,marker,1,69,P3,k6,cegar3,124,597.78s,TO,8,4.30s,4,502,0.00s
cegar_dense_512_3fp_mc8_3_seed_924145,marker,2,69,P3,k1,cegar3,0,0.46s,UNSAT,2,,,0,0.00s
cegar_dense_512_3fp_mc8_3_seed_924145,marker,2,69,P3,k2,cegar3,0,0.54s,UNSAT,2,,,0,0.00s
cegar_dense_512_3fp_mc8_3_seed_924145,marker,2,69,P3,k4,cegar3,0,0.95s,UNSAT,3,,,0,0.00s
cegar_dense_512_3fp_mc8_3_seed_924145,marker,2,69,P3,k6,cegar3,0,2.91s,UNSAT,4,,,0,0.00s
cegar_dense_512_3fp_mc8_3_seed_924145,marker,3,69,P3,k1,cegar3,0,0.24s,UNSAT,1,,,0,0.00s
cegar_dense_512_3fp_mc8_3_seed_924145,marker,3,69,P3,k2,cegar3,0,2.37s,UNSAT,2,,,0,0.00s
cegar_dense_512_3fp_mc8_3_seed_924145,marker,3,69,P3,k4,cegar3,0,4.21s,UNSAT,3,,,0,0.00s
cegar_dense_512_3fp_mc8_3_seed_924145,marker,3,69,P3,k6,cegar3,0,5.24s,UNSAT,4,,,0,0.00s
cegar_dense_512_3fp_mc8_v2_seed_8293132,marker1,1,49,P3,k1,cegar3,0,0.06s,UNSAT,0,,,0,0.00s
cegar_dense_512_3fp_mc8_v2_seed_8293132,marker1,1,49,P3,k2,cegar3,0,0.05s,UNSAT,0,,,0,0.00s
cegar_dense_512_3fp_mc8_v2_seed_8293132,marker1,1,49,P3,k4,cegar3,0,0.06s,UNSAT,0,,,0,0.00s
cegar_dense_512_3fp_mc8_v2_seed_8293132,marker1,1,49,P3,k6,cegar3,0,0.06s,UNSAT,0,,,0,0.00s
cegar_dense_512_3fp_mc8_v2_seed_8293132,marker1,2,49,P3,k1,cegar3,0,0.05s,UNSAT,0,,,0,0.00s
cegar_dense_512_3fp_mc8_v2_seed_8293132,marker1,2,49,P3,k2,cegar3,0,0.05s,UNSAT,0,,,0,0.00s
cegar_dense_512_3fp_mc8_v2_seed_8293132,marker1,2,49,P3,k4,cegar3,0,0.06s,UNSAT,0,,,0,0.00s
cegar_dense_512_3fp_mc8_v2_seed_8293132,marker1,2,49,P3,k6,cegar3,0,0.07s,UNSAT,0,,,0,0.00s
cegar_dense_512_3fp_mc8_v2_seed_8293132,marker,1,49,P3,k1,cegar3,0,0.25s,UNSAT,1,,,0,0.00s
cegar_dense_512_3fp_mc8_v2_seed_8293132,marker,1,49,P3,k2,cegar3,0,0.56s,UNSAT,2,,,0,0.00s
cegar_dense_512_3fp_mc8_v2_seed_8293132,marker,1,49,P3,k4,cegar3,0,541.96s,SAT,4,2.97s,3,504,0.00s
cegar_dense_512_3fp_mc8_v2_seed_8293132,marker,1,49,P3,k6,cegar3,124,598.82s,TO,12,3.35s,3,486,0.00s
cegar_dense_512_3fp_mc8_v2_seed_8293132,marker,2,49,P3,k1,cegar3,0,0.23s,UNSAT,1,,,0,0.00s
cegar_dense_512_3fp_mc8_v2_seed_8293132,marker,2,49,P3,k2,cegar3,0,0.53s,UNSAT,2,,,0,0.00s
cegar_dense_512_3fp_mc8_v2_seed_8293132,marker,2,49,P3,k4,cegar3,0,112.63s,SAT,3,1.25s,2,108,0.00s
cegar_dense_512_3fp_mc8_v2_seed_8293132,marker,2,49,P3,k6,cegar3,0,332.27s,SAT,9,1.17s,2,321,0.00s
cegar_dense_512_3fp_mc8_v2_seed_8293132,marker,3,49,P3,k1,cegar3,0,0.24s,UNSAT,1,,,0,0.00s
cegar_dense_512_3fp_mc8_v2_seed_8293132,marker,3,49,P3,k2,cegar3,0,0.26s,UNSAT,1,,,0,0.00s
cegar_dense_512_3fp_mc8_v2_seed_8293132,marker,3,49,P3,k4,cegar3,0,1.96s,UNSAT,2,,,0,0.00s
cegar_dense_512_3fp_mc8_v2_seed_8293132,marker,3,49,P3,k6,cegar3,124,598.42s,TO,5,2.65s,2,613,0.00s
cegar_dense_512_3fp_mc8_v3_seed_1622597,marker1,1,141,P3,k1,cegar3,0,0.06s,UNSAT,0,,,0,0.00s
cegar_dense_512_3fp_mc8_v3_seed_1622597,marker1,1,141,P3,k2,cegar3,0,0.06s,UNSAT,0,,,0,0.00s
cegar_dense_512_3fp_mc8_v3_seed_1622597,marker1,1,141,P3,k4,cegar3,0,0.06s,UNSAT,0,,,0,0.00s
cegar_dense_512_3fp_mc8_v3_seed_1622597,marker1,1,141,P3,k6,cegar3,0,0.06s,UNSAT,0,,,0,0.00s
cegar_dense_512_3fp_mc8_v3_seed_1622597,marker,1,141,P3,k1,cegar3,0,2.38s,UNSAT,2,,,0,0.00s
cegar_dense_512_3fp_mc8_v3_seed_1622597,marker,1,141,P3,k2,cegar3,0,2.74s,UNSAT,3,,,0,0.00s
cegar_dense_512_3fp_mc8_v3_seed_1622597,marker,1,141,P3,k4,cegar3,0,232.44s,SAT,3,3.84s,3,224,0.00s
cegar_dense_512_3fp_mc8_v3_seed_1622597,marker,1,141,P3,k6,cegar3,0,229.95s,SAT,3,3.81s,3,224,0.00s
cegar_dense_512_3fp_mc8_v3_seed_1622597,marker1,2,141,P3,k1,cegar3,0,0.06s,UNSAT,0,,,0,0.00s
cegar_dense_512_3fp_mc8_v3_seed_1622597,marker1,2,141,P3,k2,cegar3,0,0.06s,UNSAT,0,,,0,0.00s
cegar_dense_512_3fp_mc8_v3_seed_1622597,marker1,2,141,P3,k4,cegar3,0,0.06s,UNSAT,0,,,0,0.00s
cegar_dense_512_3fp_mc8_v3_seed_1622597,marker1,2,141,P3,k6,cegar3,0,0.07s,UNSAT,0,,,0,0.00s
cegar_dense_512_3fp_mc8_v3_seed_1622597,marker,2,141,P3,k1,cegar3,0,1.17s,UNSAT,2,,,0,0.00s
cegar_dense_512_3fp_mc8_v3_seed_1622597,marker,2,141,P3,k2,cegar3,0,9.18s,SAT,2,2.37s,2,8,0.00s
cegar_dense_512_3fp_mc8_v3_seed_1622597,marker,2,141,P3,k4,cegar3,0,9.19s,SAT,2,2.03s,2,8,0.00s
cegar_dense_512_3fp_mc8_v3_seed_1622597,marker,2,141,P3,k6,cegar3,0,9.22s,SAT,2,2.08s,2,8,0.00s
cegar_dense_512_3fp_mc8_v3_seed_1622597,marker,3,141,P3,k1,cegar3,0,1.35s,UNSAT,2,,,0,0.00s
cegar_dense_512_3fp_mc8_v3_seed_1622597,marker,3,141,P3,k2,cegar3,0,49.40s,SAT,2,2.20s,2,48,0.00s
cegar_dense_512_3fp_mc8_v3_seed_1622597,marker,3,141,P3,k4,cegar3,0,50.90s,SAT,2,2.26s,2,48,0.00s
cegar_dense_512_3fp_mc8_v3_seed_1622597,marker,3,141,P3,k6,cegar3,0,50.82s,SAT,2,2.30s,2,48,0.00s
cegar_dense_64_3fp_mc8_seed_10556478,marker1,1,34,P3,k1,cegar3,0,0.01s,UNSAT,0,,,0,0.00s
cegar_dense_64_3fp_mc8_seed_10556478,marker1,1,34,P3,k2,cegar3,0,0.01s,UNSAT,0,,,0,0.00s
cegar_dense_64_3fp_mc8_seed_10556478,marker1,1,34,P3,k4,cegar3,0,0.01s,UNSAT,0,,,0,0.00s
cegar_dense_64_3fp_mc8_seed_10556478,marker1,1,34,P3,k6,cegar3,0,0.01s,UNSAT,0,,,0,0.00s
cegar_dense_64_3fp_mc8_seed_10556478,marker1,2,34,P3,k1,cegar3,0,0.01s,UNSAT,0,,,0,0.00s
cegar_dense_64_3fp_mc8_seed_10556478,marker1,2,34,P3,k2,cegar3,0,0.01s,UNSAT,0,,,0,0.00s
cegar_dense_64_3fp_mc8_seed_10556478,marker1,2,34,P3,k4,cegar3,0,0.01s,UNSAT,0,,,0,0.00s
cegar_dense_64_3fp_mc8_seed_10556478,marker1,2,34,P3,k6,cegar3,0,0.01s,UNSAT,0,,,0,0.00s
cegar_dense_64_3fp_mc8_seed_10556478,marker,1,34,P3,k1,cegar3,0,0.08s,SAT,1,0.05s,1,2,0.00s
cegar_dense_64_3fp_mc8_seed_10556478,marker,1,34,P3,k2,cegar3,0,0.08s,SAT,1,0.05s,1,2,0.00s
cegar_dense_64_3fp_mc8_seed_10556478,marker,1,34,P3,k4,cegar3,0,0.08s,SAT,1,0.06s,1,2,0.00s
cegar_dense_64_3fp_mc8_seed_10556478,marker,1,34,P3,k6,cegar3,0,0.08s,SAT,1,0.05s,1,2,0.00s
cegar_dense_64_3fp_mc8_seed_10556478,marker,2,34,P3,k1,cegar3,0,0.07s,UNSAT,2,,,0,0.00s
cegar_dense_64_3fp_mc8_seed_10556478,marker,2,34,P3,k2,cegar3,0,0.16s,SAT,2,0.09s,2,4,0.00s
cegar_dense_64_3fp_mc8_seed_10556478,marker,2,34,P3,k4,cegar3,0,0.16s,SAT,2,0.09s,2,4,0.00s
cegar_dense_64_3fp_mc8_seed_10556478,marker,2,34,P3,k6,cegar3,0,0.16s,SAT,2,0.09s,2,4,0.00s
cegar_dense_64_3fp_mc8_seed_10556478,marker,3,34,P3,k1,cegar3,0,0.06s,UNSAT,2,,,0,0.00s
cegar_dense_64_3fp_mc8_seed_10556478,marker,3,34,P3,k2,cegar3,0,0.11s,SAT,2,0.08s,2,2,0.00s
cegar_dense_64_3fp_mc8_seed_10556478,marker,3,34,P3,k4,cegar3,0,0.11s,SAT,2,0.09s,2,2,0.00s
cegar_dense_64_3fp_mc8_seed_10556478,marker,3,34,P3,k6,cegar3,0,0.11s,SAT,2,0.09s,2,2,0.00s
print1_seed_78817,marker1,1,7,P3,k1,cegar3,0,0.01s,UNSAT,0,,,0,0.00s
print1_seed_78817,marker1,1,7,P3,k2,cegar3,0,0.01s,UNSAT,0,,,0,0.00s
print1_seed_78817,marker1,1,7,P3,k4,cegar3,0,0.01s,UNSAT,0,,,0,0.00s
print1_seed_78817,marker1,1,7,P3,k6,cegar3,0,0.03s,SAT,1,0.03s,1,1,0.00s
print1_seed_78817,marker1,2,7,P3,k1,cegar3,0,0.01s,UNSAT,0,,,0,0.00s
print1_seed_78817,marker1,2,7,P3,k2,cegar3,0,0.01s,UNSAT,0,,,0,0.00s
print1_seed_78817,marker1,2,7,P3,k4,cegar3,0,0.01s,UNSAT,0,,,0,0.00s
print1_seed_78817,marker1,2,7,P3,k6,cegar3,0,0.01s,UNSAT,0,,,0,0.00s
print1_seed_78817,marker,1,7,P3,k1,cegar3,0,0.04s,UNSAT,2,,,0,0.00s
print1_seed_78817,marker,1,7,P3,k2,cegar3,0,0.05s,SAT,2,0.05s,2,1,0.00s
print1_seed_78817,marker,1,7,P3,k4,cegar3,0,0.05s,SAT,2,0.05s,2,1,0.00s
print1_seed_78817,marker,1,7,P3,k6,cegar3,0,0.06s,SAT,2,0.06s,2,1,0.00s
print1_seed_78817,marker,2,7,P3,k1,cegar3,0,0.05s,SAT,2,0.05s,2,1,0.00s
print1_seed_78817,marker,2,7,P3,k2,cegar3,0,0.05s,SAT,2,0.05s,2,1,0.00s
print1_seed_78817,marker,2,7,P3,k4,cegar3,0,0.05s,SAT,2,0.05s,2,1,0.00s
print1_seed_78817,marker,2,7,P3,k6,cegar3,0,0.05s,SAT,2,0.05s,2,1,0.00s
print1_seed_78817,marker,3,7,P3,k1,cegar3,0,0.04s,UNSAT,2,,,0,0.00s
print1_seed_78817,marker,3,7,P3,k2,cegar3,0,0.10s,SAT,2,0.05s,2,5,0.00s
print1_seed_78817,marker,3,7,P3,k4,cegar3,0,0.11s,SAT,2,0.05s,2,5,0.00s
print1_seed_78817,marker,3,7,P3,k6,cegar3,0,0.11s,SAT,2,0.06s,2,5,0.00s
test2_seed_74996,marker1,1,19,P3,k1,cegar3,0,0.01s,UNSAT,0,,,0,0.00s
test2_seed_74996,marker1,1,19,P3,k2,cegar3,0,0.01s,UNSAT,0,,,0,0.00s
test2_seed_74996,marker1,1,19,P3,k4,cegar3,0,0.01s,UNSAT,0,,,0,0.00s
test2_seed_74996,marker1,1,19,P3,k6,cegar3,0,0.01s,UNSAT,0,,,0,0.00s
test2_seed_74996,marker,1,19,P3,k1,cegar3,0,0.02s,UNSAT,1,,,0,0.00s
test2_seed_74996,marker,1,19,P3,k2,cegar3,0,0.08s,SAT,1,0.03s,1,6,0.00s
test2_seed_74996,marker,1,19,P3,k4,cegar3,0,0.08s,SAT,1,0.03s,1,6,0.00s
test2_seed_74996,marker,1,19,P3,k6,cegar3,0,0.08s,SAT,1,0.03s,1,6,0.00s
test2_seed_74996,marker1,2,19,P3,k1,cegar3,0,0.01s,UNSAT,0,,,0,0.00s
test2_seed_74996,marker1,2,19,P3,k2,cegar3,0,0.01s,UNSAT,0,,,0,0.00s
test2_seed_74996,marker1,2,19,P3,k4,cegar3,0,0.01s,UNSAT,0,,,0,0.00s
test2_seed_74996,marker1,2,19,P3,k6,cegar3,0,0.01s,UNSAT,0,,,0,0.00s
test2_seed_74996,marker,2,19,P3,k1,cegar3,0,0.05s,SAT,1,0.03s,1,3,0.00s
test2_seed_74996,marker,2,19,P3,k2,cegar3,0,0.05s,SAT,1,0.03s,1,3,0.00s
test2_seed_74996,marker,2,19,P3,k4,cegar3,0,0.05s,SAT,1,0.03s,1,3,0.00s
test2_seed_74996,marker,2,19,P3,k6,cegar3,0,0.06s,SAT,1,0.03s,1,3,0.00s
test2_seed_74996,marker,3,19,P3,k1,cegar3,0,0.03s,UNSAT,2,,,0,0.00s
test2_seed_74996,marker,3,19,P3,k2,cegar3,0,0.09s,SAT,2,0.04s,2,6,0.00s
test2_seed_74996,marker,3,19,P3,k4,cegar3,0,0.10s,SAT,2,0.04s,2,6,0.00s
test2_seed_74996,marker,3,19,P3,k6,cegar3,0,0.10s,SAT,2,0.04s,2,6,0.00s
test_hola_seed_14764,marker1,1,16,P3,k1,cegar3,0,0.01s,UNSAT,0,,,0,0.00s
test_hola_seed_14764,marker1,1,16,P3,k2,cegar3,0,0.01s,UNSAT,0,,,0,0.00s
test_hola_seed_14764,marker1,1,16,P3,k4,cegar3,0,0.01s,UNSAT,0,,,0,0.00s
test_hola_seed_14764,marker1,1,16,P3,k6,cegar3,0,0.01s,UNSAT,0,,,0,0.00s
test_hola_seed_14764,marker,1,16,P3,k1,cegar3,0,0.04s,SAT,1,0.03s,1,2,0.00s
test_hola_seed_14764,marker,1,16,P3,k2,cegar3,0,0.04s,SAT,1,0.03s,1,2,0.00s
test_hola_seed_14764,marker,1,16,P3,k4,cegar3,0,0.04s,SAT,1,0.03s,1,2,0.00s
test_hola_seed_14764,marker,1,16,P3,k6,cegar3,0,0.04s,SAT,1,0.03s,1,2,0.00s
test_hola_seed_14764,marker1,2,16,P3,k1,cegar3,0,0.01s,UNSAT,0,,,0,0.00s
test_hola_seed_14764,marker1,2,16,P3,k2,cegar3,0,0.01s,UNSAT,0,,,0,0.00s
test_hola_seed_14764,marker1,2,16,P3,k4,cegar3,0,0.01s,UNSAT,0,,,0,0.00s
test_hola_seed_14764,marker1,2,16,P3,k6,cegar3,0,0.01s,UNSAT,0,,,0,0.00s
test_hola_seed_14764,marker,2,16,P3,k1,cegar3,0,0.02s,UNSAT,1,,,0,0.00s
test_hola_seed_14764,marker,2,16,P3,k2,cegar3,0,0.05s,SAT,1,0.03s,1,2,0.00s
test_hola_seed_14764,marker,2,16,P3,k4,cegar3,0,0.04s,SAT,1,0.03s,1,2,0.00s
test_hola_seed_14764,marker,2,16,P3,k6,cegar3,0,0.04s,SAT,1,0.03s,1,2,0.00s
test_hola_seed_14764,marker,3,16,P3,k1,cegar3,0,0.03s,UNSAT,2,,,0,0.00s
test_hola_seed_14764,marker,3,16,P3,k2,cegar3,0,0.05s,SAT,2,0.04s,2,2,0.00s
test_hola_seed_14764,marker,3,16,P3,k4,cegar3,0,0.06s,SAT,2,0.05s,2,2,0.00s
test_hola_seed_14764,marker,3,16,P3,k6,cegar3,0,0.06s,SAT,2,0.05s,2,2,0.00s
300_v1_10326611_seed_10326611,marker1,1,79,P3,k1,cegar3,0,0.03s,UNSAT,0,,,0,0.00s
300_v1_10326611_seed_10326611,marker1,1,79,P3,k2,cegar3,0,0.03s,UNSAT,0,,,0,0.00s
300_v1_10326611_seed_10326611,marker1,1,79,P3,k4,cegar3,0,0.04s,UNSAT,0,,,0,0.00s
300_v1_10326611_seed_10326611,marker1,1,79,P3,k6,cegar3,0,0.04s,UNSAT,0,,,0,0.00s
300_v1_10326611_seed_10326611,marker1,2,79,P3,k1,cegar3,0,0.03s,UNSAT,0,,,0,0.00s
300_v1_10326611_seed_10326611,marker1,2,79,P3,k2,cegar3,0,0.04s,UNSAT,0,,,0,0.00s
300_v1_10326611_seed_10326611,marker1,2,79,P3,k4,cegar3,0,0.04s,UNSAT,0,,,0,0.00s
300_v1_10326611_seed_10326611,marker1,2,79,P3,k6,cegar3,0,0.04s,UNSAT,0,,,0,0.00s
300_v1_10326611_seed_10326611,marker,1,79,P3,k1,cegar3,0,0.25s,UNSAT,2,,,0,0.00s
300_v1_10326611_seed_10326611,marker,1,79,P3,k2,cegar3,0,0.80s,SAT,2,0.52s,2,2,0.00s
300_v1_10326611_seed_10326611,marker,1,79,P3,k4,cegar3,0,2.54s,SAT,2,0.53s,2,8,0.00s
300_v1_10326611_seed_10326611,marker,1,79,P3,k6,cegar3,0,4.77s,SAT,2,0.54s,2,16,0.00s
300_v1_10326611_seed_10326611,marker,2,79,P3,k1,cegar3,0,0.49s,UNSAT,2,,,0,0.00s
300_v1_10326611_seed_10326611,marker,2,79,P3,k2,cegar3,0,0.82s,UNSAT,3,,,0,0.00s
300_v1_10326611_seed_10326611,marker,2,79,P3,k4,cegar3,0,4.71s,SAT,3,1.09s,3,14,0.00s
300_v1_10326611_seed_10326611,marker,2,79,P3,k6,cegar3,0,4.04s,SAT,2,0.62s,2,14,0.00s
300_v1_10326611_seed_10326611,marker,3,79,P3,k1,cegar3,0,0.48s,UNSAT,2,,,0,0.00s
300_v1_10326611_seed_10326611,marker,3,79,P3,k2,cegar3,0,0.64s,UNSAT,3,,,0,0.00s
300_v1_10326611_seed_10326611,marker,3,79,P3,k4,cegar3,0,2.88s,SAT,3,0.92s,3,8,0.00s
300_v1_10326611_seed_10326611,marker,3,79,P3,k6,cegar3,0,6.77s,SAT,3,1.22s,3,20,0.00s
300_v1_1113648_seed_1113648,marker1,1,116,P3,k1,cegar3,0,0.04s,UNSAT,0,,,0,0.00s
300_v1_1113648_seed_1113648,marker1,1,116,P3,k2,cegar3,0,0.04s,UNSAT,0,,,0,0.00s
300_v1_1113648_seed_1113648,marker1,1,116,P3,k4,cegar3,0,0.04s,UNSAT,0,,,0,0.00s
300_v1_1113648_seed_1113648,marker1,1,116,P3,k6,cegar3,0,0.04s,UNSAT,0,,,0,0.00s
300_v1_1113648_seed_1113648,marker,1,116,P3,k1,cegar3,0,0.30s,UNSAT,2,,,0,0.00s
300_v1_1113648_seed_1113648,marker,1,116,P3,k2,cegar3,0,2.02s,SAT,4,1.37s,3,1,0.00s
300_v1_1113648_seed_1113648,marker,1,116,P3,k4,cegar3,0,4.97s,SAT,4,1.41s,3,9,0.00s
300_v1_1113648_seed_1113648,marker,1,116,P3,k6,cegar3,0,4.95s,SAT,4,1.40s,3,9,0.00s
300_v1_1113648_seed_1113648,marker1,2,116,P3,k1,cegar3,0,0.03s,UNSAT,0,,,0,0.00s
300_v1_1113648_seed_1113648,marker1,2,116,P3,k2,cegar3,0,0.04s,UNSAT,0,,,0,0.00s
300_v1_1113648_seed_1113648,marker1,2,116,P3,k4,cegar3,0,0.04s,UNSAT,0,,,0,0.00s
300_v1_1113648_seed_1113648,marker1,2,116,P3,k6,cegar3,0,0.04s,UNSAT,0,,,0,0.00s
300_v1_1113648_seed_1113648,marker,2,116,P3,k1,cegar3,0,0.13s,UNSAT,1,,,0,0.00s
300_v1_1113648_seed_1113648,marker,2,116,P3,k2,cegar3,0,0.13s,UNSAT,1,,,0,0.00s
300_v1_1113648_seed_1113648,marker,2,116,P3,k4,cegar3,0,13.91s,SAT,1,0.47s,1,42,0.00s
300_v1_1113648_seed_1113648,marker,2,116,P3,k6,cegar3,0,13.68s,SAT,1,0.46s,1,42,0.00s
300_v1_1113648_seed_1113648,marker,3,116,P3,k1,cegar3,0,0.13s,UNSAT,1,,,0,0.00s
300_v1_1113648_seed_1113648,marker,3,116,P3,k2,cegar3,0,0.25s,UNSAT,2,,,0,0.00s
300_v1_1113648_seed_1113648,marker,3,116,P3,k4,cegar3,0,14.49s,SAT,2,0.59s,2,42,0.00s
300_v1_1113648_seed_1113648,marker,3,116,P3,k6,cegar3,0,14.24s,SAT,2,0.58s,2,42,0.00s
300_v1_1316911_seed_1316911,marker1,1,115,P3,k1,cegar3,0,0.03s,UNSAT,0,,,0,0.00s
300_v1_1316911_seed_1316911,marker1,1,115,P3,k2,cegar3,0,0.04s,UNSAT,0,,,0,0.00s
300_v1_1316911_seed_1316911,marker1,1,115,P3,k4,cegar3,0,0.04s,UNSAT,0,,,0,0.00s
300_v1_1316911_seed_1316911,marker1,1,115,P3,k6,cegar3,0,0.04s,UNSAT,0,,,0,0.00s
300_v1_1316911_seed_1316911,marker,1,115,P3,k1,cegar3,0,0.12s,UNSAT,1,,,0,0.00s
300_v1_1316911_seed_1316911,marker,1,115,P3,k2,cegar3,0,1.17s,SAT,2,0.44s,1,3,0.00s
300_v1_1316911_seed_1316911,marker,1,115,P3,k4,cegar3,0,7.50s,SAT,2,0.46s,1,21,0.00s
300_v1_1316911_seed_1316911,marker,1,115,P3,k6,cegar3,0,7.11s,SAT,2,0.45s,1,21,0.00s
300_v1_1316911_seed_1316911,marker1,2,115,P3,k1,cegar3,0,0.03s,UNSAT,0,,,0,0.00s
300_v1_1316911_seed_1316911,marker1,2,115,P3,k2,cegar3,0,0.04s,UNSAT,0,,,0,0.00s
300_v1_1316911_seed_1316911,marker1,2,115,P3,k4,cegar3,0,0.04s,UNSAT,0,,,0,0.00s
300_v1_1316911_seed_1316911,marker1,2,115,P3,k6,cegar3,0,0.04s,UNSAT,0,,,0,0.00s
300_v1_1316911_seed_1316911,marker,2,115,P3,k1,cegar3,0,0.53s,UNSAT,2,,,0,0.00s
300_v1_1316911_seed_1316911,marker,2,115,P3,k2,cegar3,0,2.76s,SAT,3,0.85s,2,6,0.00s
300_v1_1316911_seed_1316911,marker,2,115,P3,k4,cegar3,0,15.60s,SAT,4,0.87s,2,42,0.00s
300_v1_1316911_seed_1316911,marker,2,115,P3,k6,cegar3,0,15.43s,SAT,4,0.87s,2,42,0.00s
300_v1_1316911_seed_1316911,marker,3,115,P3,k1,cegar3,0,1.34s,SAT,2,0.96s,2,2,0.00s
300_v1_1316911_seed_1316911,marker,3,115,P3,k2,cegar3,0,3.33s,SAT,2,0.90s,2,8,0.00s
300_v1_1316911_seed_1316911,marker,3,115,P3,k4,cegar3,0,11.33s,SAT,5,0.93s,2,28,0.00s
300_v1_1316911_seed_1316911,marker,3,115,P3,k6,cegar3,0,19.91s,SAT,4,0.92s,2,54,0.00s
300_v1_6575354_seed_6575354,marker,1,103,P3,k1,cegar3,0,1.14s,SAT,3,0.50s,1,2,0.00s
300_v1_6575354_seed_6575354,marker,1,103,P3,k2,cegar3,0,19.39s,SAT,5,0.51s,1,51,0.00s
300_v1_6575354_seed_6575354,marker,1,103,P3,k4,cegar3,0,64.73s,SAT,10,0.51s,1,147,0.00s
300_v1_6575354_seed_6575354,marker,1,103,P3,k6,cegar3,0,85.75s,SAT,16,0.51s,1,171,0.00s
300_v1_6575354_seed_6575354,marker1,1,103,P3,k1,cegar3,0,0.03s,UNSAT,0,,,0,0.00s
300_v1_6575354_seed_6575354,marker1,1,103,P3,k2,cegar3,0,0.04s,UNSAT,0,,,0,0.00s
300_v1_6575354_seed_6575354,marker1,1,103,P3,k4,cegar3,0,0.04s,UNSAT,0,,,0,0.00s
300_v1_6575354_seed_6575354,marker1,1,103,P3,k6,cegar3,0,0.04s,UNSAT,0,,,0,0.00s
300_v1_6575354_seed_6575354,marker1,2,103,P3,k1,cegar3,0,0.03s,UNSAT,0,,,0,0.00s
300_v1_6575354_seed_6575354,marker1,2,103,P3,k2,cegar3,0,0.04s,UNSAT,0,,,0,0.00s
300_v1_6575354_seed_6575354,marker1,2,103,P3,k4,cegar3,0,0.04s,UNSAT,0,,,0,0.00s
300_v1_6575354_seed_6575354,marker1,2,103,P3,k6,cegar3,0,0.04s,UNSAT,0,,,0,0.00s
300_v1_6575354_seed_6575354,marker,2,103,P3,k1,cegar3,0,1.10s,SAT,2,1.10s,2,1,0.00s
300_v1_6575354_seed_6575354,marker,2,103,P3,k2,cegar3,0,10.88s,SAT,2,1.19s,2,24,0.00s
300_v1_6575354_seed_6575354,marker,2,103,P3,k4,cegar3,0,16.28s,SAT,5,1.17s,2,34,0.00s
300_v1_6575354_seed_6575354,marker,2,103,P3,k6,cegar3,0,29.14s,SAT,9,1.19s,2,59,0.00s
300_v1_6575354_seed_6575354,marker,3,103,P3,k1,cegar3,0,0.69s,UNSAT,2,,,0,0.00s
300_v1_6575354_seed_6575354,marker,3,103,P3,k2,cegar3,0,17.64s,SAT,3,1.09s,2,46,0.00s
300_v1_6575354_seed_6575354,marker,3,103,P3,k4,cegar3,0,23.57s,SAT,5,1.10s,2,60,0.00s
300_v1_6575354_seed_6575354,marker,3,103,P3,k6,cegar3,0,28.57s,SAT,6,1.10s,2,72,0.00s
300_v1_6900703_seed_6900703,marker,1,100,P3,k1,cegar3,0,1.36s,SAT,1,1.07s,1,2,0.00s
300_v1_6900703_seed_6900703,marker,1,100,P3,k2,cegar3,0,1.38s,SAT,1,1.09s,1,2,0.00s
300_v1_6900703_seed_6900703,marker,1,100,P3,k4,cegar3,0,1.38s,SAT,1,1.08s,1,2,0.00s
300_v1_6900703_seed_6900703,marker,1,100,P3,k6,cegar3,0,1.39s,SAT,1,1.09s,1,2,0.00s
300_v1_6900703_seed_6900703,marker1,1,100,P3,k1,cegar3,0,0.04s,UNSAT,0,,,0,0.00s
300_v1_6900703_seed_6900703,marker1,1,100,P3,k2,cegar3,0,0.04s,UNSAT,0,,,0,0.00s
300_v1_6900703_seed_6900703,marker1,1,100,P3,k4,cegar3,0,0.04s,UNSAT,0,,,0,0.00s
300_v1_6900703_seed_6900703,marker1,1,100,P3,k6,cegar3,0,0.04s,UNSAT,0,,,0,0.00s
300_v1_6900703_seed_6900703,marker1,2,100,P3,k1,cegar3,0,0.03s,UNSAT,0,,,0,0.00s
300_v1_6900703_seed_6900703,marker1,2,100,P3,k2,cegar3,0,0.03s,UNSAT,0,,,0,0.00s
300_v1_6900703_seed_6900703,marker1,2,100,P3,k4,cegar3,0,0.04s,UNSAT,0,,,0,0.00s
300_v1_6900703_seed_6900703,marker1,2,100,P3,k6,cegar3,0,0.04s,UNSAT,0,,,0,0.00s
300_v1_6900703_seed_6900703,marker,2,100,P3,k1,cegar3,0,0.47s,UNSAT,2,,,0,0.00s
300_v1_6900703_seed_6900703,marker,2,100,P3,k2,cegar3,0,3.28s,SAT,2,0.85s,2,8,0.00s
300_v1_6900703_seed_6900703,marker,2,100,P3,k4,cegar3,0,3.29s,SAT,2,0.86s,2,8,0.00s
300_v1_6900703_seed_6900703,marker,2,100,P3,k6,cegar3,0,3.31s,SAT,2,0.87s,2,8,0.00s
300_v1_6900703_seed_6900703,marker,3,100,P3,k1,cegar3,0,0.25s,UNSAT,2,,,0,0.00s
300_v1_6900703_seed_6900703,marker,3,100,P3,k2,cegar3,0,3.09s,SAT,2,0.61s,2,8,0.00s
300_v1_6900703_seed_6900703,marker,3,100,P3,k4,cegar3,0,3.09s,SAT,2,0.60s,2,8,0.00s
300_v1_6900703_seed_6900703,marker,3,100,P3,k6,cegar3,0,3.07s,SAT,2,0.60s,2,8,0.00s
300_v1_8005319_seed_8005319,marker1,1,70,P3,k1,cegar3,0,0.03s,UNSAT,0,,,0,0.00s
300_v1_8005319_seed_8005319,marker1,1,70,P3,k2,cegar3,0,0.04s,UNSAT,0,,,0,0.00s
300_v1_8005319_seed_8005319,marker1,1,70,P3,k4,cegar3,0,0.04s,UNSAT,0,,,0,0.00s
300_v1_8005319_seed_8005319,marker1,1,70,P3,k6,cegar3,0,0.04s,UNSAT,0,,,0,0.00s
300_v1_8005319_seed_8005319,marker1,2,70,P3,k1,cegar3,0,0.03s,UNSAT,0,,,0,0.00s
300_v1_8005319_seed_8005319,marker1,2,70,P3,k2,cegar3,0,0.04s,UNSAT,0,,,0,0.00s
300_v1_8005319_seed_8005319,marker1,2,70,P3,k4,cegar3,0,0.04s,UNSAT,0,,,0,0.00s
300_v1_8005319_seed_8005319,marker1,2,70,P3,k6,cegar3,0,0.04s,UNSAT,0,,,0,0.00s
300_v1_8005319_seed_8005319,marker,1,70,P3,k1,cegar3,0,0.25s,UNSAT,2,,,0,0.00s
300_v1_8005319_seed_8005319,marker,1,70,P3,k2,cegar3,0,0.42s,UNSAT,3,,,0,0.00s
300_v1_8005319_seed_8005319,marker,1,70,P3,k4,cegar3,0,3.31s,SAT,3,0.75s,3,9,0.00s
300_v1_8005319_seed_8005319,marker,1,70,P3,k6,cegar3,0,3.59s,SAT,4,0.74s,3,9,0.00s
300_v1_8005319_seed_8005319,marker,2,70,P3,k1,cegar3,0,0.36s,UNSAT,2,,,0,0.00s
300_v1_8005319_seed_8005319,marker,2,70,P3,k2,cegar3,0,2.28s,SAT,2,1.00s,2,5,0.00s
300_v1_8005319_seed_8005319,marker,2,70,P3,k4,cegar3,0,26.95s,SAT,7,0.99s,2,77,0.00s
300_v1_8005319_seed_8005319,marker,2,70,P3,k6,cegar3,0,44.91s,SAT,7,0.99s,2,125,0.00s
300_v1_8076333_seed_8076333,marker1,1,30,P3,k1,cegar3,0,0.03s,UNSAT,0,,,0,0.00s
300_v1_8076333_seed_8076333,marker1,1,30,P3,k2,cegar3,0,0.03s,UNSAT,0,,,0,0.00s
300_v1_8076333_seed_8076333,marker1,1,30,P3,k4,cegar3,0,0.03s,UNSAT,0,,,0,0.00s
300_v1_8076333_seed_8076333,marker1,1,30,P3,k6,cegar3,0,0.04s,UNSAT,0,,,0,0.00s
300_v1_8076333_seed_8076333,marker1,2,30,P3,k1,cegar3,0,0.03s,UNSAT,0,,,0,0.00s
300_v1_8076333_seed_8076333,marker1,2,30,P3,k2,cegar3,0,0.03s,UNSAT,0,,,0,0.00s
300_v1_8076333_seed_8076333,marker1,2,30,P3,k4,cegar3,0,0.03s,UNSAT,0,,,0,0.00s
300_v1_8076333_seed_8076333,marker1,2,30,P3,k6,cegar3,0,0.04s,UNSAT,0,,,0,0.00s
300_v1_8076333_seed_8076333,marker,1,30,P3,k1,cegar3,0,0.13s,UNSAT,1,,,0,0.00s
300_v1_8076333_seed_8076333,marker,1,30,P3,k2,cegar3,0,2.13s,SAT,1,0.32s,1,12,0.00s
300_v1_8076333_seed_8076333,marker,1,30,P3,k4,cegar3,0,2.19s,SAT,1,0.31s,1,12,0.00s
300_v1_8076333_seed_8076333,marker,1,30,P3,k6,cegar3,0,2.20s,SAT,1,0.31s,1,12,0.00s
300_v1_8076333_seed_8076333,marker,2,30,P3,k1,cegar3,0,0.64s,SAT,1,0.45s,1,2,0.00s
300_v1_8076333_seed_8076333,marker,2,30,P3,k2,cegar3,0,0.68s,SAT,1,0.48s,1,2,0.00s
300_v1_8076333_seed_8076333,marker,2,30,P3,k4,cegar3,0,0.68s,SAT,1,0.48s,1,2,0.00s
300_v1_8076333_seed_8076333,marker,2,30,P3,k6,cegar3,0,0.69s,SAT,1,0.49s,1,2,0.00s
300_v1_8076333_seed_8076333,marker,3,30,P3,k1,cegar3,0,0.41s,UNSAT,2,,,0,0.00s
300_v1_8076333_seed_8076333,marker,3,30,P3,k2,cegar3,0,3.10s,SAT,2,0.57s,2,16,0.00s
300_v1_8076333_seed_8076333,marker,3,30,P3,k4,cegar3,0,5.87s,SAT,2,0.57s,2,32,0.00s
300_v1_8076333_seed_8076333,marker,3,30,P3,k6,cegar3,0,5.91s,SAT,2,0.59s,2,32,0.00s
300_v1_8639778_seed_8639778,marker1,1,79,P3,k1,cegar3,0,0.03s,UNSAT,0,,,0,0.00s
300_v1_8639778_seed_8639778,marker1,1,79,P3,k2,cegar3,0,0.04s,UNSAT,0,,,0,0.00s
300_v1_8639778_seed_8639778,marker1,1,79,P3,k4,cegar3,0,0.04s,UNSAT,0,,,0,0.00s
300_v1_8639778_seed_8639778,marker1,1,79,P3,k6,cegar3,0,0.04s,UNSAT,0,,,0,0.00s
300_v1_8639778_seed_8639778,marker1,2,79,P3,k1,cegar3,0,0.03s,UNSAT,0,,,0,0.00s
300_v1_8639778_seed_8639778,marker1,2,79,P3,k2,cegar3,0,0.03s,UNSAT,0,,,0,0.00s
300_v1_8639778_seed_8639778,marker1,2,79,P3,k4,cegar3,0,0.03s,UNSAT,0,,,0,0.00s
300_v1_8639778_seed_8639778,marker1,2,79,P3,k6,cegar3,0,0.04s,UNSAT,0,,,0,0.00s
300_v1_8639778_seed_8639778,marker,1,79,P3,k1,cegar3,0,0.89s,SAT,1,0.89s,1,1,0.00s
300_v1_8639778_seed_8639778,marker,1,79,P3,k2,cegar3,0,1.75s,SAT,1,0.90s,1,4,0.00s
300_v1_8639778_seed_8639778,marker,1,79,P3,k4,cegar3,0,2.60s,SAT,1,0.92s,1,7,0.00s
300_v1_8639778_seed_8639778,marker,1,79,P3,k6,cegar3,0,2.63s,SAT,1,0.94s,1,7,0.00s
300_v1_8639778_seed_8639778,marker,2,79,P3,k1,cegar3,0,0.41s,UNSAT,2,,,0,0.00s
300_v1_8639778_seed_8639778,marker,2,79,P3,k2,cegar3,0,0.94s,SAT,2,0.69s,2,2,0.00s
300_v1_8639778_seed_8639778,marker,2,79,P3,k4,cegar3,0,3.94s,SAT,3,0.70s,2,12,0.00s
300_v1_8639778_seed_8639778,marker,2,79,P3,k6,cegar3,0,4.03s,SAT,3,0.72s,2,12,0.00s
300_v1_8639778_seed_8639778,marker,3,79,P3,k1,cegar3,0,0.13s,UNSAT,1,,,0,0.00s
300_v1_8639778_seed_8639778,marker,3,79,P3,k2,cegar3,0,0.64s,SAT,1,0.38s,1,2,0.00s
300_v1_8639778_seed_8639778,marker,3,79,P3,k4,cegar3,0,0.65s,SAT,1,0.40s,1,2,0.00s
300_v1_8639778_seed_8639778,marker,3,79,P3,k6,cegar3,0,0.66s,SAT,1,0.40s,1,2,0.00s
300_v1_8902140_seed_8902140,marker1,1,79,P3,k1,cegar3,0,0.03s,UNSAT,0,,,0,0.00s
300_v1_8902140_seed_8902140,marker1,1,79,P3,k2,cegar3,0,0.03s,UNSAT,0,,,0,0.00s
300_v1_8902140_seed_8902140,marker1,1,79,P3,k4,cegar3,0,0.04s,UNSAT,0,,,0,0.00s
300_v1_8902140_seed_8902140,marker1,1,79,P3,k6,cegar3,0,0.04s,UNSAT,0,,,0,0.00s
300_v1_8902140_seed_8902140,marker1,2,79,P3,k1,cegar3,0,0.03s,UNSAT,0,,,0,0.00s
300_v1_8902140_seed_8902140,marker1,2,79,P3,k2,cegar3,0,0.03s,UNSAT,0,,,0,0.00s
300_v1_8902140_seed_8902140,marker1,2,79,P3,k4,cegar3,0,0.04s,UNSAT,0,,,0,0.00s
300_v1_8902140_seed_8902140,marker1,2,79,P3,k6,cegar3,0,0.04s,UNSAT,0,,,0,0.00s
300_v1_8902140_seed_8902140,marker,1,79,P3,k1,cegar3,0,0.13s,UNSAT,1,,,0,0.00s
300_v1_8902140_seed_8902140,marker,1,79,P3,k2,cegar3,0,0.14s,UNSAT,1,,,0,0.00s
300_v1_8902140_seed_8902140,marker,1,79,P3,k4,cegar3,0,9.43s,SAT,2,0.46s,1,30,0.00s
300_v1_8902140_seed_8902140,marker,1,79,P3,k6,cegar3,0,14.68s,SAT,3,0.47s,1,45,0.00s
300_v1_8902140_seed_8902140,marker,2,79,P3,k1,cegar3,0,0.37s,UNSAT,2,,,0,0.00s
300_v1_8902140_seed_8902140,marker,2,79,P3,k2,cegar3,0,1.69s,SAT,4,0.81s,4,4,0.00s
300_v1_8902140_seed_8902140,marker,2,79,P3,k4,cegar3,0,95.76s,SAT,4,0.99s,3,324,0.00s
300_v1_8902140_seed_8902140,marker,2,79,P3,k6,cegar3,0,139.62s,SAT,4,0.98s,3,452,0.00s
300_v1_8902140_seed_8902140,marker,3,79,P3,k1,cegar3,0,0.13s,UNSAT,1,,,0,0.00s
300_v1_8902140_seed_8902140,marker,3,79,P3,k2,cegar3,0,0.55s,UNSAT,2,,,0,0.00s
300_v1_8902140_seed_8902140,marker,3,79,P3,k4,cegar3,0,9.36s,SAT,2,0.85s,2,30,0.00s
300_v1_8902140_seed_8902140,marker,3,79,P3,k6,cegar3,0,13.65s,SAT,2,0.85s,2,45,0.00s
300_v1_9346978_seed_9346978,marker1,1,27,P3,k1,cegar3,0,0.03s,UNSAT,0,,,0,0.00s
300_v1_9346978_seed_9346978,marker1,1,27,P3,k2,cegar3,0,0.03s,UNSAT,0,,,0,0.00s
300_v1_9346978_seed_9346978,marker1,1,27,P3,k4,cegar3,0,0.03s,UNSAT,0,,,0,0.00s
300_v1_9346978_seed_9346978,marker1,1,27,P3,k6,cegar3,0,0.04s,UNSAT,0,,,0,0.00s
300_v1_9346978_seed_9346978,marker1,2,27,P3,k1,cegar3,0,0.03s,UNSAT,0,,,0,0.00s
300_v1_9346978_seed_9346978,marker1,2,27,P3,k2,cegar3,0,0.03s,UNSAT,0,,,0,0.00s
300_v1_9346978_seed_9346978,marker1,2,27,P3,k4,cegar3,0,0.03s,UNSAT,0,,,0,0.00s
300_v1_9346978_seed_9346978,marker1,2,27,P3,k6,cegar3,0,0.04s,UNSAT,0,,,0,0.00s
300_v1_9346978_seed_9346978,marker,1,27,P3,k1,cegar3,0,0.45s,UNSAT,2,,,0,0.00s
300_v1_9346978_seed_9346978,marker,1,27,P3,k2,cegar3,0,0.86s,UNSAT,3,,,0,0.00s
300_v1_9346978_seed_9346978,marker,1,27,P3,k4,cegar3,124,599.43s,TO,4,0.65s,2,1672,0.00s
300_v1_9346978_seed_9346978,marker,1,27,P3,k6,cegar3,124,599.30s,TO,3,1.10s,3,1674,0.00s
300_v1_9346978_seed_9346978,marker,2,27,P3,k1,cegar3,0,0.77s,UNSAT,2,,,0,0.00s
300_v1_9346978_seed_9346978,marker,2,27,P3,k2,cegar3,0,1.89s,SAT,3,1.01s,2,4,0.00s
300_v1_9346978_seed_9346978,marker,2,27,P3,k4,cegar3,0,45.87s,SAT,6,0.55s,2,201,0.00s
300_v1_9346978_seed_9346978,marker,2,27,P3,k6,cegar3,0,48.60s,SAT,8,0.56s,2,201,0.00s
300_v1_9346978_seed_9346978,marker,3,27,P3,k1,cegar3,0,0.13s,UNSAT,1,,,0,0.00s
300_v1_9346978_seed_9346978,marker,3,27,P3,k2,cegar3,0,6.97s,SAT,2,0.67s,2,31,0.00s
300_v1_9346978_seed_9346978,marker,3,27,P3,k4,cegar3,0,73.56s,SAT,3,0.29s,1,335,0.00s
300_v1_9346978_seed_9346978,marker,3,27,P3,k6,cegar3,0,74.08s,SAT,3,0.30s,1,335,0.00s
600_v1_seed_11417671,marker1,1,71,P3,k1,cegar3,0,0.07s,UNSAT,0,,,0,0.00s
600_v1_seed_11417671,marker1,1,71,P3,k2,cegar3,0,0.07s,UNSAT,0,,,0,0.00s
600_v1_seed_11417671,marker1,1,71,P3,k4,cegar3,0,0.07s,UNSAT,0,,,0,0.00s
600_v1_seed_11417671,marker1,1,71,P3,k6,cegar3,0,0.07s,UNSAT,0,,,0,0.00s
600_v1_seed_11417671,marker1,2,71,P3,k1,cegar3,0,0.06s,UNSAT,0,,,0,0.00s
600_v1_seed_11417671,marker1,2,71,P3,k2,cegar3,0,0.06s,UNSAT,0,,,0,0.00s
600_v1_seed_11417671,marker1,2,71,P3,k4,cegar3,0,0.07s,UNSAT,0,,,0,0.00s
600_v1_seed_11417671,marker1,2,71,P3,k6,cegar3,0,0.08s,UNSAT,0,,,0,0.00s
600_v1_seed_11417671,marker,1,71,P3,k1,cegar3,0,3.90s,SAT,1,1.14s,1,4,0.00s
600_v1_seed_11417671,marker,1,71,P3,k2,cegar3,0,17.50s,SAT,2,1.16s,1,18,0.00s
600_v1_seed_11417671,marker,1,71,P3,k4,cegar3,0,21.91s,SAT,3,1.17s,1,22,0.00s
600_v1_seed_11417671,marker,1,71,P3,k6,cegar3,0,21.99s,SAT,3,1.20s,1,22,0.00s
600_v1_seed_11417671,marker,2,71,P3,k1,cegar3,0,0.83s,UNSAT,2,,,0,0.00s
600_v1_seed_11417671,marker,2,71,P3,k2,cegar3,0,13.07s,SAT,3,1.52s,2,15,0.00s
600_v1_seed_11417671,marker,2,71,P3,k4,cegar3,0,12.75s,SAT,3,1.54s,2,15,0.00s
600_v1_seed_11417671,marker,2,71,P3,k6,cegar3,0,12.83s,SAT,3,1.56s,2,15,0.00s
600_v1_seed_11417671,marker,3,71,P3,k1,cegar3,0,0.58s,UNSAT,2,,,0,0.00s
600_v1_seed_11417671,marker,3,71,P3,k2,cegar3,0,10.65s,SAT,3,1.14s,2,16,0.00s
600_v1_seed_11417671,marker,3,71,P3,k4,cegar3,0,21.93s,SAT,3,1.15s,2,32,0.00s
600_v1_seed_11417671,marker,3,71,P3,k6,cegar3,0,22.98s,SAT,4,1.16s,2,32,0.00s
600_v1_seed_11435461,marker1,1,55,P3,k1,cegar3,0,0.06s,UNSAT,0,,,0,0.00s
600_v1_seed_11435461,marker1,1,55,P3,k2,cegar3,0,0.07s,UNSAT,0,,,0,0.00s
600_v1_seed_11435461,marker1,1,55,P3,k4,cegar3,0,0.07s,UNSAT,0,,,0,0.00s
600_v1_seed_11435461,marker1,1,55,P3,k6,cegar3,0,0.08s,UNSAT,0,,,0,0.00s
600_v1_seed_11435461,marker1,2,55,P3,k1,cegar3,0,0.07s,UNSAT,0,,,0,0.00s
600_v1_seed_11435461,marker1,2,55,P3,k2,cegar3,0,0.07s,UNSAT,0,,,0,0.00s
600_v1_seed_11435461,marker1,2,55,P3,k4,cegar3,0,0.07s,UNSAT,0,,,0,0.00s
600_v1_seed_11435461,marker1,2,55,P3,k6,cegar3,0,0.07s,UNSAT,0,,,0,0.00s
600_v1_seed_11435461,marker,1,55,P3,k1,cegar3,0,1.56s,UNSAT,2,,,0,0.00s
600_v1_seed_11435461,marker,1,55,P3,k2,cegar3,0,2.64s,UNSAT,3,,,0,0.00s
600_v1_seed_11435461,marker,1,55,P3,k4,cegar3,0,6.71s,SAT,3,3.25s,3,6,0.00s
600_v1_seed_11435461,marker,1,55,P3,k6,cegar3,0,6.75s,SAT,3,3.26s,3,6,0.00s
600_v1_seed_11435461,marker,2,55,P3,k1,cegar3,0,1.00s,UNSAT,2,,,0,0.00s
600_v1_seed_11435461,marker,2,55,P3,k2,cegar3,0,16.49s,SAT,2,1.43s,2,26,0.00s
600_v1_seed_11435461,marker,2,55,P3,k4,cegar3,0,19.62s,SAT,2,1.53s,2,32,0.00s
600_v1_seed_11435461,marker,2,55,P3,k6,cegar3,0,19.80s,SAT,2,1.53s,2,32,0.00s
600_v1_seed_11435461,marker,3,55,P3,k1,cegar3,0,0.29s,UNSAT,1,,,0,0.00s
600_v1_seed_11435461,marker,3,55,P3,k2,cegar3,0,3.58s,SAT,1,0.94s,1,5,0.00s
600_v1_seed_11435461,marker,3,55,P3,k4,cegar3,0,9.16s,SAT,1,0.97s,1,13,0.00s
600_v1_seed_11435461,marker,3,55,P3,k6,cegar3,0,9.20s,SAT,1,0.99s,1,13,0.00s
600_v1_seed_12112800,marker1,1,162,P3,k1,cegar3,0,0.07s,UNSAT,0,,,0,0.00s
600_v1_seed_12112800,marker1,1,162,P3,k2,cegar3,0,0.07s,UNSAT,0,,,0,0.00s
600_v1_seed_12112800,marker1,1,162,P3,k4,cegar3,0,0.07s,UNSAT,0,,,0,0.00s
600_v1_seed_12112800,marker1,1,162,P3,k6,cegar3,0,0.08s,UNSAT,0,,,0,0.00s
600_v1_seed_12112800,marker,1,162,P3,k1,cegar3,0,3.41s,UNSAT,2,,,0,0.00s
600_v1_seed_12112800,marker,1,162,P3,k2,cegar3,0,11.85s,SAT,2,5.28s,2,6,0.00s
600_v1_seed_12112800,marker,1,162,P3,k4,cegar3,0,53.78s,SAT,2,5.52s,2,36,0.00s
600_v1_seed_12112800,marker,1,162,P3,k6,cegar3,0,54.02s,SAT,2,5.53s,2,36,0.00s
600_v1_seed_12112800,marker1,2,162,P3,k1,cegar3,0,0.07s,UNSAT,0,,,0,0.00s
600_v1_seed_12112800,marker1,2,162,P3,k2,cegar3,0,0.07s,UNSAT,0,,,0,0.00s
600_v1_seed_12112800,marker1,2,162,P3,k4,cegar3,0,0.08s,UNSAT,0,,,0,0.00s
600_v1_seed_12112800,marker1,2,162,P3,k6,cegar3,0,0.08s,UNSAT,0,,,0,0.00s
600_v1_seed_12112800,marker,2,162,P3,k1,cegar3,0,0.29s,UNSAT,1,,,0,0.00s
600_v1_seed_12112800,marker,2,162,P3,k2,cegar3,0,2.13s,UNSAT,2,,,0,0.00s
600_v1_seed_12112800,marker,2,162,P3,k4,cegar3,0,250.45s,SAT,2,3.40s,2,168,0.00s
600_v1_seed_12112800,marker,2,162,P3,k6,cegar3,0,252.00s,SAT,2,3.39s,2,168,0.00s
600_v1_seed_12112800,marker,3,162,P3,k1,cegar3,0,0.57s,UNSAT,2,,,0,0.00s
600_v1_seed_12112800,marker,3,162,P3,k2,cegar3,0,46.59s,SAT,2,2.17s,2,28,0.00s
600_v1_seed_12112800,marker,3,162,P3,k4,cegar3,0,46.89s,SAT,2,2.58s,2,28,0.00s
600_v1_seed_12112800,marker,3,162,P3,k6,cegar3,0,46.86s,SAT,2,2.57s,2,28,0.00s
600_v1_seed_1301956,marker1,1,124,P3,k1,cegar3,0,0.08s,UNSAT,0,,,0,0.00s
600_v1_seed_1301956,marker1,1,124,P3,k2,cegar3,0,0.07s,UNSAT,0,,,0,0.00s
600_v1_seed_1301956,marker1,1,124,P3,k4,cegar3,0,0.07s,UNSAT,0,,,0,0.00s
600_v1_seed_1301956,marker1,1,124,P3,k6,cegar3,0,0.07s,UNSAT,0,,,0,0.00s
600_v1_seed_1301956,marker,1,124,P3,k1,cegar3,0,0.29s,UNSAT,1,,,0,0.00s
600_v1_seed_1301956,marker,1,124,P3,k2,cegar3,0,2.20s,SAT,1,1.23s,1,2,0.00s
600_v1_seed_1301956,marker,1,124,P3,k4,cegar3,0,2.24s,SAT,1,1.25s,1,2,0.00s
600_v1_seed_1301956,marker,1,124,P3,k6,cegar3,0,2.24s,SAT,1,1.25s,1,2,0.00s
600_v1_seed_1301956,marker1,2,124,P3,k1,cegar3,0,0.07s,UNSAT,0,,,0,0.00s
600_v1_seed_1301956,marker1,2,124,P3,k2,cegar3,0,0.07s,UNSAT,0,,,0,0.00s
600_v1_seed_1301956,marker1,2,124,P3,k4,cegar3,0,0.07s,UNSAT,0,,,0,0.00s
600_v1_seed_1301956,marker1,2,124,P3,k6,cegar3,0,0.08s,UNSAT,0,,,0,0.00s
600_v1_seed_1301956,marker,2,124,P3,k1,cegar3,0,0.56s,UNSAT,2,,,0,0.00s
600_v1_seed_1301956,marker,2,124,P3,k2,cegar3,0,2.62s,SAT,2,1.58s,2,2,0.00s
600_v1_seed_1301956,marker,2,124,P3,k4,cegar3,0,2.67s,SAT,2,1.62s,2,2,0.00s
600_v1_seed_1301956,marker,2,124,P3,k6,cegar3,0,2.65s,SAT,2,1.62s,2,2,0.00s
600_v1_seed_1301956,marker,3,124,P3,k1,cegar3,0,4.13s,SAT,1,1.73s,1,3,0.00s
600_v1_seed_1301956,marker,3,124,P3,k2,cegar3,0,4.10s,SAT,1,1.73s,1,3,0.00s
600_v1_seed_1301956,marker,3,124,P3,k4,cegar3,0,4.14s,SAT,1,1.61s,1,3,0.00s
600_v1_seed_1301956,marker,3,124,P3,k6,cegar3,0,4.14s,SAT,1,1.60s,1,3,0.00s
600_v1_seed_4266311,marker1,1,175,P3,k1,cegar3,0,0.07s,UNSAT,0,,,0,0.00s
600_v1_seed_4266311,marker1,1,175,P3,k2,cegar3,0,0.07s,UNSAT,0,,,0,0.00s
600_v1_seed_4266311,marker1,1,175,P3,k4,cegar3,0,0.08s,UNSAT,0,,,0,0.00s
600_v1_seed_4266311,marker1,1,175,P3,k6,cegar3,0,0.08s,UNSAT,0,,,0,0.00s
600_v1_seed_4266311,marker,1,175,P3,k1,cegar3,0,5.51s,UNSAT,2,,,0,0.00s
600_v1_seed_4266311,marker,1,175,P3,k2,cegar3,0,7.15s,SAT,2,7.15s,2,1,0.00s
600_v1_seed_4266311,marker,1,175,P3,k4,cegar3,0,9.01s,SAT,2,7.39s,2,2,0.00s
600_v1_seed_4266311,marker,1,175,P3,k6,cegar3,0,9.00s,SAT,2,7.38s,2,2,0.00s
600_v1_seed_4266311,marker1,2,175,P3,k1,cegar3,0,0.07s,UNSAT,0,,,0,0.00s
600_v1_seed_4266311,marker1,2,175,P3,k2,cegar3,0,0.07s,UNSAT,0,,,0,0.00s
600_v1_seed_4266311,marker1,2,175,P3,k4,cegar3,0,0.08s,UNSAT,0,,,0,0.00s
600_v1_seed_4266311,marker1,2,175,P3,k6,cegar3,0,0.07s,UNSAT,0,,,0,0.00s
600_v1_seed_4266311,marker,2,175,P3,k1,cegar3,0,4.05s,SAT,2,4.05s,2,1,0.00s
600_v1_seed_4266311,marker,2,175,P3,k2,cegar3,0,20.86s,SAT,4,4.32s,2,11,0.00s
600_v1_seed_4266311,marker,2,175,P3,k4,cegar3,0,29.38s,SAT,4,4.31s,2,17,0.00s
600_v1_seed_4266311,marker,2,175,P3,k6,cegar3,0,29.52s,SAT,4,4.34s,2,17,0.00s
600_v1_seed_4266311,marker,3,175,P3,k1,cegar3,0,2.83s,SAT,2,2.83s,2,1,0.00s
600_v1_seed_4266311,marker,3,175,P3,k2,cegar3,0,10.38s,SAT,2,3.21s,2,6,0.00s
600_v1_seed_4266311,marker,3,175,P3,k4,cegar3,0,21.57s,SAT,2,3.32s,2,14,0.00s
600_v1_seed_4266311,marker,3,175,P3,k6,cegar3,0,21.05s,SAT,2,3.26s,2,14,0.00s
600_v1_seed_9682799,marker1,1,181,P3,k1,cegar3,0,0.07s,UNSAT,0,,,0,0.00s
600_v1_seed_9682799,marker1,1,181,P3,k2,cegar3,0,0.07s,UNSAT,0,,,0,0.00s
600_v1_seed_9682799,marker1,1,181,P3,k4,cegar3,0,0.07s,UNSAT,0,,,0,0.00s
600_v1_seed_9682799,marker1,1,181,P3,k6,cegar3,0,0.08s,UNSAT,0,,,0,0.00s
600_v1_seed_9682799,marker,1,181,P3,k1,cegar3,0,2.37s,SAT,2,2.37s,2,1,0.00s
600_v1_seed_9682799,marker,1,181,P3,k2,cegar3,0,2.24s,SAT,2,2.10s,1,1,0.00s
600_v1_seed_9682799,marker,1,181,P3,k4,cegar3,0,2.28s,SAT,2,2.14s,1,1,0.00s
600_v1_seed_9682799,marker,1,181,P3,k6,cegar3,0,2.31s,SAT,2,2.17s,1,1,0.00s
600_v1_seed_9682799,marker1,2,181,P3,k1,cegar3,0,0.07s,UNSAT,0,,,0,0.00s
600_v1_seed_9682799,marker1,2,181,P3,k2,cegar3,0,0.07s,UNSAT,0,,,0,0.00s
600_v1_seed_9682799,marker1,2,181,P3,k4,cegar3,0,0.08s,UNSAT,0,,,0,0.00s
600_v1_seed_9682799,marker1,2,181,P3,k6,cegar3,0,0.09s,UNSAT,0,,,0,0.00s
600_v1_seed_9682799,marker,2,181,P3,k1,cegar3,0,0.29s,UNSAT,1,,,0,0.00s
600_v1_seed_9682799,marker,2,181,P3,k2,cegar3,0,2.30s,UNSAT,2,,,0,0.00s
600_v1_seed_9682799,marker,2,181,P3,k4,cegar3,0,20.55s,SAT,2,3.66s,2,12,0.00s
600_v1_seed_9682799,marker,2,181,P3,k6,cegar3,0,20.64s,SAT,2,3.66s,2,12,0.00s
600_v1_seed_9682799,marker,3,181,P3,k1,cegar3,0,0.29s,UNSAT,1,,,0,0.00s
600_v1_seed_9682799,marker,3,181,P3,k2,cegar3,0,0.57s,UNSAT,2,,,0,0.00s
600_v1_seed_9682799,marker,3,181,P3,k4,cegar3,0,12.71s,SAT,2,1.88s,2,9,0.00s
600_v1_seed_9682799,marker,3,181,P3,k6,cegar3,0,12.77s,SAT,2,1.88s,2,9,0.00s
900_v1_seed_1085828,marker1,1,275,P3,k1,cegar3,0,0.13s,UNSAT,0,,,0,0.00s
900_v1_seed_1085828,marker1,1,275,P3,k2,cegar3,0,0.13s,UNSAT,0,,,0,0.00s
900_v1_seed_1085828,marker1,1,275,P3,k4,cegar3,0,0.13s,UNSAT,0,,,0,0.00s
900_v1_seed_1085828,marker1,1,275,P3,k6,cegar3,0,0.13s,UNSAT,0,,,0,0.00s
900_v1_seed_1085828,marker1,2,275,P3,k1,cegar3,0,0.12s,UNSAT,0,,,0,0.00s
900_v1_seed_1085828,marker1,2,275,P3,k2,cegar3,0,0.13s,UNSAT,0,,,0,0.00s
900_v1_seed_1085828,marker1,2,275,P3,k4,cegar3,0,0.13s,UNSAT,0,,,0,0.00s
900_v1_seed_1085828,marker1,2,275,P3,k6,cegar3,0,0.14s,UNSAT,0,,,0,0.00s
900_v1_seed_1085828,marker,1,275,P3,k1,cegar3,0,4.47s,SAT,1,4.47s,1,1,0.00s
900_v1_seed_1085828,marker,1,275,P3,k2,cegar3,0,4.49s,SAT,1,4.49s,1,1,0.00s
900_v1_seed_1085828,marker,1,275,P3,k4,cegar3,0,4.57s,SAT,1,4.57s,1,1,0.00s
900_v1_seed_1085828,marker,1,275,P3,k6,cegar3,0,4.57s,SAT,1,4.57s,1,1,0.00s
900_v1_seed_1085828,marker,2,275,P3,k1,cegar3,0,5.16s,UNSAT,2,,,0,0.00s
900_v1_seed_1085828,marker,2,275,P3,k2,cegar3,0,57.25s,SAT,2,9.43s,2,12,0.00s
900_v1_seed_1085828,marker,2,275,P3,k4,cegar3,0,65.76s,SAT,2,9.48s,2,14,0.00s
900_v1_seed_1085828,marker,2,275,P3,k6,cegar3,0,65.69s,SAT,2,9.45s,2,14,0.00s
900_v1_seed_1085828,marker,3,275,P3,k1,cegar3,0,0.97s,UNSAT,2,,,0,0.00s
900_v1_seed_1085828,marker,3,275,P3,k2,cegar3,0,21.90s,SAT,2,4.13s,2,6,0.00s
900_v1_seed_1085828,marker,3,275,P3,k4,cegar3,0,22.12s,SAT,2,4.19s,2,6,0.00s
900_v1_seed_1085828,marker,3,275,P3,k6,cegar3,0,22.25s,SAT,2,4.22s,2,6,0.00s
900_v1_seed_255105,marker1,1,161,P3,k1,cegar3,0,0.11s,UNSAT,0,,,0,0.00s
900_v1_seed_255105,marker1,1,161,P3,k2,cegar3,0,0.12s,UNSAT,0,,,0,0.00s
900_v1_seed_255105,marker1,1,161,P3,k4,cegar3,0,0.12s,UNSAT,0,,,0,0.00s
900_v1_seed_255105,marker1,1,161,P3,k6,cegar3,0,0.13s,UNSAT,0,,,0,0.00s
900_v1_seed_255105,marker,1,161,P3,k1,cegar3,0,16.98s,SAT,1,9.76s,1,3,0.00s
900_v1_seed_255105,marker,1,161,P3,k2,cegar3,0,17.47s,SAT,1,10.03s,1,3,0.00s
900_v1_seed_255105,marker,1,161,P3,k4,cegar3,0,145.81s,SAT,8,10.06s,1,39,0.00s
900_v1_seed_255105,marker,1,161,P3,k6,cegar3,0,482.46s,SAT,9,10.09s,1,147,0.00s
900_v1_seed_255105,marker1,2,161,P3,k1,cegar3,0,0.12s,UNSAT,0,,,0,0.00s
900_v1_seed_255105,marker1,2,161,P3,k2,cegar3,0,0.11s,UNSAT,0,,,0,0.00s
900_v1_seed_255105,marker1,2,161,P3,k4,cegar3,0,0.11s,UNSAT,0,,,0,0.00s
900_v1_seed_255105,marker1,2,161,P3,k6,cegar3,0,0.12s,UNSAT,0,,,0,0.00s
900_v1_seed_255105,marker,2,161,P3,k1,cegar3,0,4.07s,UNSAT,2,,,0,0.00s
900_v1_seed_255105,marker,2,161,P3,k2,cegar3,0,105.91s,SAT,2,6.25s,2,36,0.00s
900_v1_seed_255105,marker,2,161,P3,k4,cegar3,0,158.82s,SAT,2,7.98s,2,54,0.00s
900_v1_seed_255105,marker,2,161,P3,k6,cegar3,0,158.60s,SAT,2,7.97s,2,54,0.00s
900_v1_seed_255105,marker,3,161,P3,k1,cegar3,0,0.50s,UNSAT,1,,,0,0.00s
900_v1_seed_255105,marker,3,161,P3,k2,cegar3,0,83.36s,SAT,1,2.91s,1,30,0.00s
900_v1_seed_255105,marker,3,161,P3,k4,cegar3,0,84.62s,SAT,2,2.99s,1,30,0.00s
900_v1_seed_255105,marker,3,161,P3,k6,cegar3,0,84.70s,SAT,2,2.98s,1,30,0.00s
